customer_id,year_birth,education,marital_status,income,kid_home,teen_home,dt_customer,recency,mnt_wines,mnt_fruits,mnt_meat_products,mnt_fish_products,mnt_sweet_products,mnt_gold_prods,num_deals_purchases,num_web_purchases,num_catalog_purchases,num_store_purchases,num_web_visits_month,loyalty_score
1001,2002,Associate,Married,58545,2,3,12-07-2005,21,318,144,173,131,89,92,8,8,5,8,0,51
1002,1977,Master,Single,105408,3,3,19-09-2018,11,422,193,243,8,46,29,7,1,0,5,8,80
1003,1973,Master,Divorced,116851,1,1,07-02-2019,1,141,145,128,110,4,67,4,4,8,6,5,60
1004,1984,Master,Married,78974,3,2,28-06-2014,8,131,32,209,97,14,8,7,10,9,4,8,87
1005,1988,Graduate,Divorced,110761,1,1,17-07-2007,3,57,56,273,135,25,100,4,6,7,4,3,59
1006,1963,High School,Married,113796,2,0,23-10-2017,6,249,81,188,48,55,99,2,7,3,7,10,54
1007,1978,Bachelor,Married,118203,2,3,28-04-2008,5,386,15,163,14,26,91,1,3,3,1,0,85
1008,1988,High School,Widowed,30909,2,3,01-03-2008,8,329,114,77,127,90,7,1,6,3,1,8,80
1009,1990,PhD,Single,79314,1,1,27-02-2025,26,383,21,260,36,94,26,9,9,1,4,7,98
1010,1972,Associate,Divorced,58952,2,2,14-09-2006,13,111,100,20,57,93,76,6,7,5,0,5,51
1011,1984,High School,Single,71766,3,2,16-06-2005,19,62,48,296,79,93,70,1,3,1,3,7,71
1012,1959,High School,Divorced,99358,3,2,02-08-2006,21,213,110,191,116,48,43,5,1,1,8,8,57
1013,1980,PhD,Widowed,96678,3,2,10-12-2019,9,239,116,118,41,38,45,3,6,9,5,10,52
1014,1979,Bachelor,Married,67515,0,0,02-05-2012,11,481,102,126,46,28,24,8,9,10,5,5,80
1015,1987,Graduate,Divorced,43184,1,3,08-05-2017,8,413,87,255,142,78,5,3,3,8,4,1,53
1016,1970,PhD,Single,113349,2,2,06-02-2024,27,90,137,144,148,43,31,6,9,8,6,9,81
1017,1992,Associate,Divorced,97907,2,1,05-03-2013,4,345,144,110,134,60,46,7,9,10,0,0,78
1018,1966,Graduate,Divorced,90383,3,3,02-11-2007,18,247,54,245,75,6,46,10,6,0,0,5,80
1019,1996,Associate,Married,80967,0,0,22-03-2005,23,361,141,19,102,45,26,10,1,2,4,6,72
1020,1985,PhD,Widowed,95559,0,3,16-11-2010,6,384,58,233,95,37,54,1,10,10,8,8,64
1021,1952,Master,Married,24773,3,2,01-01-2025,5,322,70,280,101,100,44,9,10,3,7,2,58
1022,1991,Graduate,Divorced,102082,1,2,16-05-2015,19,201,191,255,140,39,55,8,8,7,6,0,53
1023,1960,Master,Widowed,40087,0,1,27-12-2007,15,359,154,224,58,45,57,4,2,8,4,0,96
1024,1953,Graduate,Married,73623,0,2,28-09-2008,29,193,104,174,145,82,30,9,8,10,6,6,92
1025,1995,Master,Married,42323,0,2,29-08-2010,25,253,99,174,145,86,27,1,4,8,8,1,99
1026,1977,High School,Single,98277,3,0,15-09-2005,16,375,47,195,112,98,99,8,3,1,1,7,69
1027,1987,PhD,Divorced,119937,1,1,26-05-2018,1,262,137,111,146,79,88,5,8,10,1,3,52
1028,1967,Master,Married,79011,2,1,23-12-2016,5,232,157,140,111,49,63,4,3,7,10,5,86
1029,1994,Associate,Divorced,25997,3,3,29-11-2018,28,170,96,114,98,30,42,8,5,7,9,8,67
1030,1983,High School,Widowed,61738,2,2,04-05-2010,4,415,95,255,38,95,50,2,10,7,7,6,97
1031,1995,Bachelor,Married,115150,2,1,18-04-2012,3,448,40,146,6,11,32,0,6,7,3,3,94
1032,1954,PhD,Widowed,64120,0,2,12-09-2018,29,135,9,224,17,13,72,6,6,0,7,0,62
1033,1979,PhD,Widowed,77452,3,3,16-01-2007,9,158,8,226,59,88,85,0,0,6,4,3,61
1034,1951,Associate,Divorced,56074,3,0,09-04-2005,2,209,18,279,17,79,36,3,10,2,3,0,80
1035,1967,Associate,Divorced,42224,0,0,23-04-2018,1,112,115,297,24,75,34,1,5,1,0,9,74
1036,2000,Master,Widowed,56931,0,3,17-10-2005,20,453,137,240,119,3,45,9,7,1,5,10,55
1037,1950,PhD,Single,93363,2,1,20-02-2022,3,376,195,229,88,98,74,10,2,9,5,3,62
1038,1991,Bachelor,Single,38109,0,0,31-07-2013,21,354,93,75,9,54,63,8,9,0,6,6,59
1039,1983,Associate,Divorced,116855,2,3,03-09-2016,17,222,93,222,17,69,85,8,6,7,0,1,74
1040,1973,Associate,Married,80116,3,3,04-12-2020,24,204,177,287,103,77,3,0,9,3,9,4,93
1041,1998,High School,Married,91300,0,0,12-01-2008,13,340,184,179,77,33,94,6,1,6,10,3,83
1042,1966,Associate,Single,88760,0,0,30-09-2022,19,439,123,31,34,78,68,1,9,6,3,1,89
1043,1956,Associate,Divorced,99803,2,2,09-07-2007,18,390,115,185,91,67,79,9,1,6,5,2,78
1044,2001,Master,Divorced,58902,3,0,16-08-2012,8,306,121,183,5,100,24,10,1,5,1,10,64
1045,2001,High School,Widowed,33782,2,1,20-07-2016,1,122,5,139,68,84,32,0,6,0,4,9,93
1046,1986,Graduate,Single,46822,1,3,25-05-2013,14,171,101,132,56,32,12,4,3,10,4,2,74
1047,1955,PhD,Married,91458,2,3,16-05-2024,1,46,11,191,94,65,9,9,2,3,9,2,75
1048,1971,High School,Married,117749,3,0,18-02-2006,8,185,105,11,12,23,1,2,6,8,10,3,57
1049,1984,High School,Married,67115,2,0,07-01-2024,11,50,53,260,110,37,30,2,9,6,1,10,63
1050,1956,Graduate,Married,94612,1,1,15-11-2020,10,256,25,178,132,5,59,9,5,10,6,0,54
1051,1998,Graduate,Single,72141,3,2,01-12-2018,10,202,87,154,96,24,63,4,7,10,0,8,78
1052,1959,Graduate,Single,26048,2,0,04-08-2010,30,305,69,240,80,81,69,0,0,7,1,2,70
1053,1955,High School,Divorced,21553,0,2,23-08-2011,30,403,184,206,104,80,6,3,6,4,1,4,90
1054,1997,Bachelor,Married,67522,2,0,08-06-2006,12,173,88,19,108,100,47,4,7,4,2,2,89
1055,1988,PhD,Single,29625,0,0,10-10-2022,9,75,186,136,55,89,75,0,7,1,3,7,93
1056,1959,Associate,Single,107522,2,1,11-08-2018,8,363,102,31,23,94,19,6,6,1,6,6,61
1057,1975,Associate,Married,33115,0,2,18-02-2013,14,204,159,167,30,59,90,8,0,0,8,2,53
1058,1953,PhD,Married,100925,3,3,14-01-2015,24,500,148,203,26,94,23,7,8,2,6,2,57
1059,1991,Associate,Divorced,48872,2,3,11-08-2013,16,195,18,242,66,99,2,3,7,10,3,6,77
1060,1974,Graduate,Widowed,24279,0,3,05-12-2017,5,356,26,136,120,92,24,5,8,6,7,4,88
1061,1988,High School,Divorced,96999,2,1,11-06-2011,18,58,56,208,113,1,84,4,6,1,7,7,93
1062,1980,High School,Married,73933,1,1,10-06-2017,5,13,179,76,135,23,41,1,6,7,8,5,78
1063,1999,Associate,Widowed,80074,2,2,17-08-2005,12,96,84,191,44,90,96,3,6,1,3,10,96
1064,1980,Associate,Divorced,105907,0,2,07-09-2008,5,100,24,135,129,57,71,10,9,9,5,10,53
1065,1994,Graduate,Widowed,21118,1,0,05-05-2022,21,260,178,94,31,86,90,4,9,1,10,4,69
1066,1993,Associate,Single,115291,2,0,29-09-2018,18,395,40,238,62,58,57,8,0,2,2,3,98
1067,1976,PhD,Widowed,78464,2,2,06-04-2012,30,191,30,262,134,8,32,2,7,10,1,6,83
1068,1951,Master,Married,78747,2,1,17-01-2021,21,189,99,54,58,12,61,5,1,3,1,7,84
1069,1983,Bachelor,Married,76715,0,0,22-07-2010,21,30,149,205,64,86,96,5,3,1,7,7,93
1070,1965,Bachelor,Divorced,72899,2,3,08-10-2016,5,107,32,41,56,69,34,9,9,8,2,7,60
1071,1973,Master,Single,54792,1,0,14-06-2007,12,223,150,152,139,35,100,3,1,7,1,7,95
1072,2005,Graduate,Single,99001,1,1,16-07-2016,22,229,100,70,12,92,55,10,7,9,3,9,63
1073,1965,Bachelor,Married,103732,3,3,14-09-2011,14,408,160,167,14,57,44,2,10,6,10,6,57
1074,1957,Master,Widowed,41254,3,0,08-11-2018,8,353,73,36,136,24,83,6,9,6,1,3,91
1075,1985,High School,Divorced,21002,1,2,31-05-2015,29,404,114,215,92,21,92,4,0,8,9,8,90
1076,1963,Bachelor,Single,50916,0,2,12-08-2021,15,298,17,97,107,78,41,10,10,1,1,9,88
1077,1989,Graduate,Single,44593,0,3,26-03-2014,10,84,120,17,50,0,2,7,3,4,9,9,53
1078,1978,Associate,Single,42121,0,0,05-07-2007,20,72,106,200,67,72,23,6,10,7,10,10,99
1079,1960,Master,Widowed,79459,0,1,22-02-2018,20,121,184,153,137,59,6,1,7,1,6,4,64
1080,2003,Bachelor,Married,32898,1,0,19-03-2012,21,367,72,70,97,4,82,10,7,2,10,10,95
1081,1979,PhD,Married,94699,2,1,09-08-2013,19,230,199,300,84,65,57,8,9,10,5,4,97
1082,1977,Master,Married,54405,1,3,17-12-2016,2,107,9,294,31,99,44,8,8,2,4,5,65
1083,1963,High School,Widowed,27008,1,3,05-08-2010,12,472,0,161,114,42,87,6,8,8,7,5,82
1084,1972,High School,Single,77938,3,0,29-10-2012,6,219,8,299,47,13,25,8,8,7,6,7,78
1085,1974,High School,Divorced,94623,1,1,08-09-2007,29,322,81,283,105,72,95,9,5,1,3,1,83
1086,1954,Bachelor,Single,30154,0,2,12-04-2021,22,121,96,119,105,65,52,9,10,2,6,7,59
1087,2003,PhD,Divorced,94870,2,2,18-11-2013,13,323,32,65,51,25,77,4,10,4,5,10,69
1088,1985,High School,Single,81849,2,0,04-11-2024,30,123,89,279,57,22,31,3,2,5,8,9,96
1089,1962,Bachelor,Divorced,52661,3,0,01-08-2016,14,151,177,219,68,60,54,0,0,9,10,5,83
1090,1972,Master,Widowed,87149,0,0,18-08-2018,18,191,112,272,81,33,70,7,6,1,4,10,84
1091,2002,High School,Divorced,113087,1,2,21-01-2015,17,372,110,143,28,71,33,10,7,3,2,10,86
1092,1984,High School,Single,71581,3,3,12-03-2021,7,258,19,99,9,12,51,9,2,10,9,1,91
1093,1998,Master,Divorced,104053,2,3,02-10-2008,13,165,119,130,120,46,3,1,6,9,1,7,68
1094,1980,PhD,Single,49704,3,0,31-12-2022,14,32,68,238,60,87,83,5,3,7,6,3,53
1095,1988,Associate,Divorced,30034,0,0,14-08-2011,16,27,161,92,45,78,11,0,1,1,9,6,73
1096,1972,Graduate,Married,47726,3,3,27-02-2007,14,466,152,147,25,14,59,5,5,10,4,4,68
1097,1994,PhD,Divorced,117123,1,0,08-07-2012,3,114,99,262,109,89,89,2,10,6,9,0,71
1098,1993,PhD,Single,59756,2,3,16-01-2015,7,106,126,75,110,51,29,3,8,7,6,8,77
1099,1993,Master,Single,27175,2,1,14-08-2024,19,317,178,215,98,83,10,10,10,4,5,1,100
1100,1964,Bachelor,Widowed,113675,0,0,31-05-2024,9,333,37,222,25,69,92,0,4,6,3,5,84
1101,1979,Master,Widowed,89142,1,1,12-01-2006,19,172,44,256,48,67,37,8,7,5,6,1,84
1102,1954,Master,Divorced,25011,2,1,17-11-2017,29,178,122,52,53,99,72,7,5,0,4,0,85
1103,2005,Associate,Widowed,70275,0,2,25-05-2008,26,53,143,161,105,72,5,0,8,1,1,4,70
1104,1969,Associate,Divorced,37830,3,1,22-11-2016,8,14,176,248,16,11,65,7,1,2,3,6,81
1105,1978,PhD,Widowed,75423,1,0,14-10-2014,18,390,186,128,48,57,21,6,6,8,3,9,61
1106,1989,Master,Married,105248,3,1,03-07-2005,9,484,19,280,113,70,47,3,2,5,4,3,61
1107,1957,PhD,Single,111770,1,2,30-01-2015,14,183,3,82,73,95,22,2,3,5,6,0,64
1108,1955,Graduate,Married,83749,0,0,03-06-2024,23,115,32,157,98,52,25,4,7,5,7,5,90
1109,1985,Bachelor,Widowed,118323,2,2,17-07-2005,27,11,22,177,148,21,78,10,10,8,10,2,69
1110,1962,Master,Widowed,26879,2,0,07-04-2013,15,263,194,149,112,37,71,5,2,2,2,10,65
1111,1992,Bachelor,Married,27274,0,3,26-01-2025,12,495,25,148,125,92,43,0,0,6,3,6,87
1112,1975,High School,Widowed,102121,0,0,03-01-2025,20,437,130,99,32,91,12,5,0,6,4,1,97
1113,1961,Master,Single,24762,2,0,03-11-2013,6,403,95,296,56,90,40,2,10,4,5,4,60
1114,1959,Master,Single,43838,3,0,03-05-2022,27,191,172,41,130,93,39,4,7,7,10,10,65
1115,1987,Graduate,Single,65448,3,0,03-01-2019,3,344,70,96,142,32,74,4,4,8,8,6,61
1116,1986,Associate,Single,63445,2,0,28-12-2018,22,154,117,31,85,5,69,6,7,6,7,10,92
1117,1997,Bachelor,Single,41804,3,0,09-01-2016,29,23,41,252,87,59,41,10,5,6,4,2,62
1118,1970,Master,Divorced,45713,0,0,19-10-2017,19,269,156,92,53,43,69,5,5,6,7,6,88
1119,1976,Graduate,Widowed,67868,1,1,07-07-2016,12,473,191,149,33,51,68,6,5,7,1,8,80
1120,1983,Bachelor,Married,28878,0,3,13-05-2010,26,381,142,196,113,3,57,2,8,8,10,7,65
1121,1953,PhD,Married,45224,1,1,17-12-2007,25,70,152,122,79,4,42,0,7,4,9,7,84
1122,1953,Master,Divorced,91318,2,0,05-01-2017,30,482,158,4,67,22,66,5,0,5,6,7,96
1123,1989,Master,Married,43973,2,0,11-11-2005,6,21,147,93,81,74,98,3,2,1,10,10,51
1124,1999,Master,Divorced,44841,3,1,13-05-2007,6,436,74,272,40,75,84,6,9,3,2,7,60
1125,1950,PhD,Divorced,100387,0,1,20-09-2008,5,454,57,150,89,80,25,8,9,2,6,2,88
1126,1992,Bachelor,Single,38221,3,2,02-10-2011,29,335,10,18,30,55,26,4,1,3,9,5,50
1127,2004,Bachelor,Single,51432,3,2,24-07-2010,2,368,35,132,119,6,100,1,0,0,1,5,91
1128,2001,Associate,Married,28647,0,0,22-06-2019,22,35,97,204,4,64,100,1,8,0,5,7,85
1129,1967,PhD,Married,108726,0,0,07-02-2010,18,413,94,114,140,1,7,8,10,0,3,0,87
1130,1981,High School,Divorced,93290,3,2,12-10-2008,2,453,171,225,20,72,64,9,2,3,9,8,91
1131,1970,Bachelor,Single,39077,1,1,28-09-2010,2,181,127,272,50,89,23,9,3,5,3,2,71
1132,1977,High School,Married,75896,3,2,26-04-2021,1,2,168,171,61,92,87,6,10,1,10,0,66
1133,1993,Master,Single,30557,0,3,10-06-2019,5,301,126,172,103,15,8,6,0,6,6,7,72
1134,1980,Graduate,Married,101684,2,2,17-04-2012,19,407,9,163,143,8,35,5,9,8,9,5,96
1135,2002,Graduate,Widowed,63538,1,3,23-07-2007,24,403,159,183,133,69,88,1,7,4,9,8,69
1136,1960,Master,Divorced,38879,2,2,05-11-2018,7,172,30,25,39,15,14,6,10,4,10,9,90
1137,1996,Master,Married,63385,3,2,14-05-2013,10,272,140,284,119,78,13,6,3,2,10,1,75
1138,1976,High School,Divorced,95223,2,3,24-07-2005,16,427,62,246,38,42,56,5,8,7,9,3,82
1139,1983,Master,Single,62644,3,3,18-11-2007,17,404,103,31,121,7,17,2,7,2,9,0,96
1140,1992,Associate,Single,101565,1,1,16-10-2011,14,123,69,270,44,67,48,7,1,10,3,6,62
1141,1964,PhD,Single,115531,1,0,01-03-2012,30,35,8,86,87,48,22,7,3,5,7,2,85
1142,2000,Bachelor,Married,41233,0,3,12-02-2018,17,384,188,293,112,49,56,1,8,4,9,7,98
1143,1963,Bachelor,Married,22730,0,3,19-04-2012,17,55,40,120,112,18,9,6,4,8,2,2,69
1144,1988,Master,Widowed,99034,0,2,23-07-2024,5,461,132,28,141,15,56,2,1,7,5,8,73
1145,1989,Master,Single,20911,2,2,18-03-2007,2,225,103,114,64,9,24,2,1,2,6,4,51
1146,1950,Master,Single,45223,3,0,24-02-2009,18,56,102,31,111,8,61,2,10,8,7,10,64
1147,1965,PhD,Widowed,101234,2,0,14-10-2015,2,437,138,4,137,26,53,5,0,4,6,1,89
1148,1990,PhD,Widowed,109658,2,0,21-05-2018,24,177,5,11,66,7,89,2,1,5,0,6,69
1149,1983,High School,Single,40312,1,2,04-10-2023,23,469,19,106,63,85,93,8,0,5,7,4,96
1150,1991,Bachelor,Single,99524,1,2,29-05-2009,13,363,136,236,111,0,5,6,8,5,4,10,77
1151,1961,High School,Divorced,26994,1,1,04-08-2006,16,373,151,131,64,13,56,1,4,6,9,1,97
1152,1950,Master,Widowed,87887,2,2,10-12-2007,2,173,34,129,93,51,9,4,8,0,7,6,100
1153,1953,Graduate,Married,73237,2,0,14-12-2022,1,430,126,58,145,66,77,7,1,7,0,2,88
1154,1997,Associate,Single,100695,3,3,08-09-2011,27,59,154,53,59,52,47,4,0,6,0,7,78
1155,1982,Graduate,Married,99695,3,2,18-11-2018,13,94,193,47,52,34,38,8,4,3,5,10,69
1156,1982,High School,Married,81973,2,1,25-11-2011,8,382,134,36,149,23,98,1,9,9,6,3,79
1157,1966,Graduate,Divorced,116940,2,2,16-06-2017,5,15,121,240,149,8,90,5,9,10,9,1,84
1158,1974,Bachelor,Single,73763,3,0,03-05-2009,12,396,57,176,72,58,94,0,2,10,0,4,99
1159,1984,PhD,Married,40115,0,3,29-04-2011,17,271,183,181,102,94,8,9,9,2,4,9,84
1160,1987,Master,Widowed,38802,3,2,19-02-2019,10,149,32,77,0,65,79,3,1,2,2,9,67
1161,2005,Master,Married,33039,2,1,06-03-2009,13,72,160,294,55,53,62,4,1,1,1,9,74
1162,1969,Graduate,Divorced,33072,2,1,15-11-2010,20,184,167,27,46,61,23,8,1,7,8,4,77
1163,1976,High School,Single,101960,3,1,06-02-2025,29,221,89,192,89,81,14,5,7,2,10,10,58
1164,2005,High School,Divorced,30333,1,2,27-03-2019,10,243,173,268,137,89,66,3,9,2,10,5,89
1165,1956,Master,Divorced,52404,0,2,23-09-2023,14,381,101,290,28,10,60,3,6,3,1,3,84
1166,1967,High School,Divorced,62600,3,3,03-07-2021,6,277,54,231,120,97,95,0,4,7,1,0,58
1167,1961,Graduate,Married,110302,0,1,14-03-2012,2,227,83,262,127,72,2,8,3,7,9,1,55
1168,1998,Associate,Married,88059,0,1,27-06-2016,18,283,10,202,131,54,77,10,1,6,3,7,67
1169,1992,Graduate,Married,99099,2,2,03-12-2020,9,215,128,184,89,98,56,9,3,9,5,2,59
1170,1982,High School,Single,72634,2,1,08-03-2012,26,299,16,199,111,82,36,3,0,2,5,2,64
1171,1988,PhD,Married,49479,0,0,08-08-2024,23,488,46,252,34,61,49,9,9,0,7,6,58
1172,1971,High School,Single,24838,2,3,26-10-2009,16,456,93,187,144,37,20,5,5,8,2,7,99
1173,1986,Graduate,Single,96416,1,0,26-05-2007,8,199,11,41,10,91,9,2,4,4,8,10,96
1174,1964,Bachelor,Widowed,110463,3,2,17-11-2010,18,211,77,143,78,48,89,1,6,5,7,2,52
1175,1985,Master,Single,51294,0,3,09-12-2011,14,73,108,146,125,56,34,0,6,7,5,6,88
1176,1996,High School,Married,78989,2,1,22-08-2005,26,125,189,282,7,85,16,8,9,0,0,9,78
1177,1983,PhD,Widowed,27628,1,0,12-02-2009,24,198,92,116,19,51,31,3,7,9,0,3,75
1178,1973,High School,Single,33868,0,3,26-08-2018,4,229,141,265,66,39,51,5,0,6,7,3,95
1179,1987,Associate,Divorced,65707,0,1,25-06-2009,10,108,107,47,106,43,87,4,1,2,7,2,51
1180,1952,Bachelor,Divorced,31293,3,2,20-01-2016,3,323,161,229,94,67,81,10,3,8,0,10,51
1181,1964,Associate,Widowed,113880,2,0,30-01-2025,2,355,190,187,112,22,13,4,7,3,6,1,85
1182,2003,Master,Married,113041,3,0,29-09-2020,8,191,149,215,68,17,57,7,1,9,4,6,80
1183,1989,Associate,Divorced,113499,2,3,11-04-2022,8,165,93,257,2,82,61,10,9,8,9,0,55
1184,2003,Associate,Divorced,56202,1,0,24-03-2011,3,115,134,24,141,56,10,1,6,8,9,2,84
1185,1983,Associate,Single,67610,0,1,08-05-2010,12,478,134,101,63,71,81,4,3,2,10,0,92
1186,1956,Graduate,Widowed,110834,2,1,05-12-2023,3,379,182,239,111,84,84,1,9,4,10,8,61
1187,1980,Graduate,Widowed,63408,1,1,11-03-2008,20,138,32,252,2,69,94,9,5,4,7,2,68
1188,1991,Bachelor,Married,43538,1,3,25-07-2009,2,306,56,236,47,1,22,8,7,2,0,8,61
1189,1977,Associate,Divorced,26867,2,2,05-10-2017,21,24,80,257,70,35,43,1,2,5,7,5,74
1190,1964,Master,Widowed,29642,3,0,05-09-2009,27,463,96,188,43,97,47,6,5,8,4,8,57
1191,1962,Graduate,Divorced,62658,3,3,13-01-2021,21,379,129,168,137,4,77,3,5,4,10,8,86
1192,1961,Graduate,Married,101069,1,3,22-11-2017,4,29,161,2,133,98,29,6,1,2,5,0,77
1193,1950,PhD,Married,21076,3,3,23-07-2021,3,360,35,61,106,10,26,3,8,3,10,4,100
1194,1994,High School,Widowed,71186,1,3,20-08-2005,29,136,13,194,129,60,80,6,0,6,1,9,59
1195,1992,Bachelor,Divorced,109827,2,1,14-03-2020,14,24,27,279,85,83,17,1,5,2,2,10,51
1196,1970,Bachelor,Single,33497,3,1,11-09-2023,15,389,131,144,144,85,53,1,7,4,7,9,90
1197,2003,PhD,Divorced,67560,1,2,25-04-2006,18,482,99,54,75,46,7,8,10,1,6,1,62
1198,1960,Bachelor,Widowed,60969,1,3,12-05-2023,29,320,64,287,122,86,83,10,1,5,8,4,64
1199,1970,PhD,Married,119415,3,2,14-11-2019,1,123,129,50,13,93,43,2,4,1,7,7,99
1200,1965,Graduate,Widowed,49168,1,0,30-05-2019,5,195,79,194,32,68,5,1,2,9,8,2,73
1201,1996,High School,Widowed,94111,1,1,05-12-2022,1,321,184,204,10,15,90,2,2,5,0,9,64
1202,1961,Master,Married,26729,0,3,04-12-2009,5,358,18,249,95,79,11,3,3,5,10,10,50
1203,1996,PhD,Widowed,63013,2,0,26-05-2023,8,194,146,293,20,38,48,4,9,1,8,10,51
1204,1982,Associate,Widowed,66350,2,3,13-06-2016,23,399,6,104,73,41,94,0,6,6,4,6,77
1205,1984,PhD,Married,28887,2,0,07-03-2011,7,325,194,26,40,66,37,8,8,8,6,2,72
1206,1964,PhD,Married,50257,1,2,30-03-2008,4,155,132,167,144,6,71,0,1,5,1,4,50
1207,1956,Graduate,Widowed,94135,0,1,24-03-2011,3,237,2,249,136,78,56,7,0,7,7,8,86
1208,1972,Associate,Married,113666,0,1,07-05-2010,15,217,70,48,145,71,75,10,8,6,4,9,56
1209,1979,Graduate,Divorced,48560,3,3,02-01-2024,17,232,160,266,35,60,1,8,2,7,1,0,79
1210,1997,Associate,Married,75796,0,2,23-11-2021,21,357,165,19,107,1,6,6,3,2,10,5,51
1211,1992,Graduate,Widowed,52411,2,2,12-11-2007,20,35,49,239,128,65,83,0,3,7,2,4,93
1212,1988,Graduate,Divorced,112058,0,2,15-03-2009,11,64,73,192,45,88,90,1,4,5,10,6,69
1213,1974,Bachelor,Widowed,71493,3,2,21-08-2014,21,17,7,203,146,13,40,4,7,2,0,4,93
1214,1997,Graduate,Widowed,109138,0,1,01-10-2014,14,53,69,44,85,92,80,10,6,6,4,8,99
1215,1995,Master,Married,92279,3,2,25-08-2013,2,410,34,175,48,95,84,9,8,10,0,4,93
1216,1994,Graduate,Single,89413,3,1,29-07-2023,11,448,91,256,115,98,31,1,1,0,1,10,72
1217,1966,Graduate,Widowed,36550,3,3,02-11-2022,3,245,16,161,12,75,35,6,10,8,6,10,72
1218,1998,High School,Divorced,31556,2,1,12-04-2016,1,261,144,178,120,43,30,0,4,2,10,5,52
1219,1983,Master,Single,92941,1,2,29-08-2024,28,380,133,54,29,78,18,6,3,7,0,6,61
1220,1977,Master,Married,100579,0,0,06-11-2017,25,14,199,148,2,76,6,2,4,2,5,4,82
1221,2005,Master,Single,54348,1,0,09-05-2010,5,137,190,188,98,97,59,5,7,2,8,4,53
1222,1986,High School,Divorced,20837,1,3,17-03-2014,26,178,46,87,99,12,92,1,6,5,10,6,52
1223,2004,Master,Married,118889,1,3,03-09-2018,22,149,186,183,50,3,59,1,0,5,3,8,80
1224,1979,Graduate,Single,21472,3,0,02-10-2024,23,334,13,0,26,56,68,10,0,1,0,7,62
1225,1992,Master,Divorced,81391,0,1,13-10-2006,7,25,60,231,92,68,10,3,2,8,7,1,85
1226,1976,Associate,Married,39436,1,2,19-10-2023,16,413,61,45,46,41,69,2,4,10,3,1,77
1227,2001,Bachelor,Single,117156,2,0,02-05-2021,4,292,78,48,71,72,64,9,0,3,9,3,54
1228,1984,PhD,Married,41451,3,3,22-05-2011,26,201,121,271,121,93,9,4,0,10,9,0,69
1229,1984,Graduate,Widowed,72341,1,3,01-05-2006,18,127,32,275,18,30,63,0,8,3,6,6,57
1230,1958,Master,Widowed,65702,0,1,08-07-2021,28,499,22,37,116,38,86,3,2,4,1,7,95
1231,1963,Graduate,Divorced,100116,3,0,29-09-2019,7,414,1,58,40,41,8,7,7,1,6,9,87
1232,2000,High School,Widowed,58310,0,2,21-12-2017,5,417,159,193,57,5,85,9,7,8,7,10,64
1233,1950,Master,Single,31078,0,3,14-08-2024,10,164,21,152,74,80,80,5,3,0,8,8,64
1234,1961,PhD,Single,107569,3,0,28-04-2007,25,152,43,156,13,65,92,4,1,10,5,10,100
1235,1984,Bachelor,Divorced,107204,2,3,13-11-2018,20,251,77,53,104,51,22,3,4,2,10,4,77
1236,1957,PhD,Widowed,59893,3,3,14-04-2009,20,357,196,211,46,82,57,0,5,5,8,3,77
1237,1989,Associate,Married,110154,1,2,22-07-2020,21,210,151,239,35,64,44,10,7,7,3,0,70
1238,2005,PhD,Single,88284,3,0,30-10-2013,4,207,182,164,121,50,65,6,6,8,2,0,59
1239,1973,PhD,Married,86555,2,0,30-05-2013,7,76,137,37,6,94,50,1,7,10,2,3,79
1240,1966,Graduate,Widowed,86276,2,0,03-03-2020,18,418,139,144,126,40,32,0,4,9,10,10,60
1241,1978,Graduate,Divorced,118386,1,1,04-01-2017,19,404,188,106,148,95,69,9,6,2,9,5,97
1242,1969,Graduate,Single,56576,2,3,22-12-2023,25,42,57,282,26,52,22,3,2,5,9,10,69
1243,1995,PhD,Single,83063,2,1,08-08-2013,22,493,64,228,127,78,99,1,0,5,10,7,89
1244,1956,Graduate,Widowed,53909,0,3,24-12-2021,13,437,28,224,111,73,57,2,10,8,7,0,76
1245,1994,High School,Divorced,118581,3,2,24-12-2009,8,71,143,83,5,50,55,2,5,6,9,2,94
1246,1970,Associate,Married,55885,2,3,29-01-2014,14,359,45,170,32,16,41,10,0,4,9,8,62
1247,1968,Graduate,Married,48970,3,1,07-12-2024,1,292,69,27,17,8,45,1,10,6,2,1,100
1248,1978,Associate,Widowed,103678,2,3,11-03-2021,30,114,151,32,86,29,10,3,4,7,8,0,85
1249,1965,Master,Married,113628,1,2,22-04-2016,8,382,20,171,67,1,13,10,4,0,1,0,82
1250,1995,Associate,Single,27016,2,2,27-04-2010,28,164,117,293,109,8,39,2,4,9,0,1,97
1251,1954,PhD,Divorced,36842,1,0,20-05-2017,28,165,198,53,41,25,30,7,10,7,7,4,60
1252,2005,High School,Single,98859,3,0,08-12-2005,8,382,122,200,150,67,12,0,2,6,8,0,73
1253,1979,High School,Single,105174,3,2,17-08-2018,11,275,140,188,72,51,68,1,9,0,10,2,76
1254,1973,Bachelor,Widowed,57109,3,1,23-05-2016,19,232,126,297,120,92,15,2,2,2,4,5,51
1255,1968,High School,Single,27984,1,1,18-02-2007,23,65,71,202,119,65,80,3,3,9,4,6,99
1256,1974,Associate,Divorced,30765,1,1,09-08-2006,21,359,195,254,137,94,81,6,5,2,10,7,66
1257,1971,Associate,Divorced,34135,1,1,31-12-2019,7,264,4,85,4,37,68,8,2,6,7,4,76
1258,2005,High School,Married,31949,2,3,07-01-2006,25,27,66,244,79,26,76,7,7,2,6,9,81
1259,1986,High School,Widowed,56010,1,2,05-04-2013,6,483,53,187,76,45,71,0,2,8,7,10,76
1260,2004,Bachelor,Divorced,32928,3,2,07-11-2021,9,455,134,111,63,2,69,7,5,5,10,3,97
1261,1984,Master,Widowed,23907,1,1,03-06-2010,18,385,96,144,60,15,55,8,9,6,7,4,99
1262,2002,Bachelor,Divorced,38642,0,0,27-11-2021,14,386,173,69,115,11,58,10,4,3,2,4,70
1263,1986,Associate,Widowed,50036,1,3,30-04-2016,28,386,51,207,106,15,47,3,9,8,5,4,50
1264,1996,PhD,Single,75540,2,1,02-04-2007,7,77,69,242,12,32,71,3,7,1,2,6,87
1265,1957,High School,Divorced,42295,3,1,13-01-2014,22,1,20,86,54,17,33,0,2,7,8,9,94
1266,1960,PhD,Married,47779,1,3,03-12-2017,20,224,154,66,121,73,18,3,1,9,8,6,64
1267,1951,High School,Widowed,101511,2,1,11-10-2005,19,193,104,92,93,75,73,9,1,7,6,2,90
1268,1980,Master,Married,49956,2,1,23-05-2023,2,36,93,180,142,74,36,4,5,0,10,6,93
1269,1981,Bachelor,Widowed,67081,3,1,07-09-2018,14,414,65,94,91,59,19,1,1,10,6,8,55
1270,1951,Graduate,Widowed,52920,0,0,11-09-2008,17,36,123,271,24,22,67,10,3,4,0,2,56
1271,1957,High School,Widowed,60221,1,1,09-11-2007,6,274,23,197,78,56,27,9,1,6,9,9,66
1272,1970,Master,Divorced,91251,2,1,29-10-2015,9,404,43,245,43,4,82,1,7,4,6,9,92
1273,1998,PhD,Widowed,39429,1,0,30-08-2011,8,492,186,128,119,30,59,8,9,2,2,7,99
1274,1958,PhD,Divorced,101747,2,2,07-08-2007,1,307,147,115,56,98,59,2,4,6,8,4,85
1275,1997,Graduate,Widowed,80399,0,0,26-05-2019,16,467,52,203,25,94,69,7,6,3,10,4,94
1276,1971,Master,Divorced,77072,0,1,09-08-2018,6,251,3,51,79,75,82,1,4,7,0,9,89
1277,1958,Associate,Widowed,69157,3,3,23-01-2012,1,142,152,231,116,54,7,4,2,5,6,10,92
1278,2001,Graduate,Married,74819,0,1,13-11-2011,14,186,34,9,115,73,60,2,4,9,9,8,79
1279,1952,Master,Married,57848,2,3,22-06-2017,29,31,139,128,115,87,76,2,1,2,4,0,96
1280,1976,Bachelor,Divorced,87989,2,3,17-04-2021,26,162,99,39,150,38,38,6,2,9,1,2,71
1281,2002,Master,Married,112066,0,1,08-02-2006,21,204,38,17,64,52,74,3,4,5,3,8,69
1282,1961,Associate,Single,109952,3,2,04-02-2011,8,268,170,55,100,100,68,2,5,9,4,2,83
1283,1955,Bachelor,Married,88813,3,3,19-06-2012,12,212,39,256,32,51,90,5,10,10,1,9,97
1284,1995,Graduate,Divorced,80333,2,3,01-01-2024,16,366,101,52,72,42,49,9,9,7,2,9,61
1285,1960,High School,Married,26016,2,0,26-09-2005,29,197,191,151,7,0,5,2,2,1,2,2,54
1286,2002,High School,Married,102877,3,2,11-02-2014,30,256,9,195,28,10,57,7,9,2,7,2,65
1287,1972,High School,Widowed,108558,3,0,14-07-2020,24,84,5,73,103,6,91,0,7,10,4,9,51
1288,1992,Graduate,Married,27198,2,2,06-10-2013,24,291,65,60,116,35,27,9,10,7,1,5,50
1289,2004,High School,Widowed,44375,3,2,10-09-2009,1,361,142,114,43,91,43,0,4,5,10,8,84
1290,1950,Master,Widowed,24904,0,2,17-11-2018,21,212,146,82,6,79,92,7,0,0,8,9,82
1291,1975,Master,Married,51126,1,1,19-07-2015,29,308,66,235,147,63,10,4,7,6,0,5,64
1292,1967,Bachelor,Widowed,40735,2,2,09-09-2008,24,105,54,195,40,79,41,1,5,0,3,0,98
1293,1959,High School,Married,29837,0,0,21-10-2013,25,392,58,255,14,65,45,3,0,5,8,9,100
1294,1977,Associate,Single,47564,1,1,19-11-2012,3,435,4,137,5,32,78,0,4,6,6,0,87
1295,1980,Master,Divorced,114549,1,2,18-05-2006,25,26,66,166,147,82,77,6,8,8,5,2,76
1296,1957,Graduate,Married,114687,0,2,25-12-2010,20,102,17,281,79,64,4,10,1,9,10,10,60
1297,2003,High School,Divorced,26310,3,2,16-11-2018,25,339,16,143,106,17,64,2,8,3,9,2,84
1298,1950,Master,Single,65382,1,2,25-12-2007,27,349,75,294,122,1,57,3,0,8,3,5,72
1299,1950,High School,Single,110422,0,1,17-11-2006,2,235,184,217,26,98,46,2,1,0,5,0,88
1300,1980,Master,Widowed,62830,1,0,25-03-2012,10,134,196,36,100,53,19,1,10,3,7,3,95
1301,1965,Associate,Single,111592,3,0,25-08-2024,24,466,189,139,16,66,98,1,5,2,6,2,72
1302,1974,PhD,Married,43730,0,1,03-02-2012,26,260,174,114,80,82,67,8,7,2,10,8,85
1303,1970,Bachelor,Single,77568,1,2,24-01-2025,28,444,129,173,126,29,50,6,5,6,2,8,50
1304,1956,Associate,Divorced,86433,1,2,30-07-2013,22,48,62,44,65,100,69,7,9,3,4,7,74
1305,1985,PhD,Divorced,31434,1,0,29-10-2009,24,327,2,16,111,23,65,0,0,3,2,6,53
1306,1969,Bachelor,Single,32960,2,3,02-10-2013,25,318,196,229,116,98,44,1,9,0,8,5,92
1307,1969,Associate,Widowed,24918,1,0,14-07-2018,13,136,187,104,62,26,82,7,0,3,10,7,77
1308,1977,High School,Divorced,87065,0,1,24-08-2007,8,49,173,57,20,26,97,10,1,6,5,2,62
1309,2000,Bachelor,Widowed,95553,2,0,08-08-2009,1,184,177,119,90,83,3,3,2,3,9,5,93
1310,1956,Bachelor,Widowed,43615,1,2,08-03-2022,1,89,80,176,19,88,63,4,4,9,0,0,58
1311,1979,Bachelor,Single,38530,1,0,27-01-2019,24,134,165,1,105,94,95,5,9,6,4,5,53
1312,2003,Associate,Widowed,55202,2,2,06-04-2011,9,5,184,27,88,60,35,8,1,3,4,8,61
1313,1972,Master,Married,24139,0,0,10-06-2024,30,262,66,118,86,94,77,2,4,3,3,0,91
1314,1969,Master,Divorced,63835,3,2,22-06-2020,8,155,133,148,26,22,83,1,10,4,2,3,64
1315,1970,Graduate,Married,22338,1,3,02-12-2023,30,466,94,191,100,4,22,10,10,1,2,6,50
1316,1976,Associate,Widowed,80409,2,0,20-01-2020,18,47,101,290,3,39,36,3,3,10,3,10,66
1317,2003,Master,Single,44708,2,0,17-06-2019,5,210,117,103,146,41,64,10,5,4,9,5,70
1318,2001,Bachelor,Widowed,118932,3,0,10-03-2007,11,185,146,30,121,6,50,9,8,1,7,6,78
1319,1995,Master,Divorced,117568,2,0,23-06-2013,2,209,126,38,45,71,57,7,9,8,8,2,85
1320,2002,Graduate,Widowed,63900,1,3,10-07-2008,3,447,73,2,6,31,4,3,5,6,10,8,58
1321,1965,High School,Widowed,77690,0,2,21-09-2015,22,476,84,150,55,60,74,6,6,0,10,8,67
1322,1968,Bachelor,Divorced,61701,1,1,20-08-2018,22,168,6,70,28,87,54,5,6,0,9,4,68
1323,2002,Associate,Married,75387,2,1,20-11-2023,28,437,80,59,128,56,50,4,0,5,3,3,99
1324,1980,Associate,Widowed,94585,0,2,05-06-2022,30,301,110,119,109,59,18,7,4,5,3,10,79
1325,1988,Associate,Single,109600,1,3,31-07-2021,30,453,104,144,122,91,19,7,10,4,4,5,81
1326,1957,Graduate,Widowed,104019,2,3,16-01-2025,4,316,170,238,76,90,13,3,9,3,0,2,74
1327,1984,Bachelor,Married,58924,3,0,07-04-2017,25,233,112,25,59,16,95,2,0,6,5,4,96
1328,1997,Bachelor,Married,54068,0,3,30-09-2013,8,84,59,19,1,28,21,4,4,9,1,10,99
1329,1961,Graduate,Single,70981,3,2,30-12-2021,3,113,193,98,117,40,73,7,10,7,8,9,89
1330,1996,Master,Single,28650,1,3,05-01-2008,1,484,41,6,87,51,60,6,1,6,9,6,69
1331,1989,High School,Widowed,53739,0,1,22-12-2010,14,402,171,295,35,42,94,2,2,8,2,5,63
1332,1972,Associate,Single,110756,1,1,18-09-2024,20,74,46,29,54,31,37,9,1,6,1,8,89
1333,2000,Graduate,Divorced,96096,3,1,30-06-2007,24,319,127,39,11,26,19,1,7,2,1,10,51
1334,2005,PhD,Divorced,21078,2,1,14-12-2022,30,162,44,211,19,37,54,6,3,7,2,10,61
1335,1981,Graduate,Married,93694,0,1,07-03-2016,14,302,58,137,106,50,66,3,10,2,1,6,72
1336,2002,Graduate,Single,93341,0,0,17-10-2023,2,470,82,86,66,51,80,10,10,0,2,3,93
1337,1984,Master,Married,108276,3,0,08-11-2020,9,279,177,184,144,54,47,6,8,4,1,7,77
1338,1974,Associate,Single,64786,2,2,12-01-2014,5,497,173,72,136,9,18,7,4,1,4,1,57
1339,2003,High School,Divorced,102464,0,3,24-10-2022,1,325,138,241,97,36,46,6,7,9,7,6,95
1340,2002,Bachelor,Single,74530,1,1,21-07-2008,8,34,50,200,57,58,53,2,6,5,3,9,66
1341,1957,PhD,Divorced,50362,1,2,01-04-2023,9,33,197,83,108,40,74,4,4,0,5,6,97
1342,1994,Master,Widowed,34303,1,2,22-11-2017,19,356,133,189,111,42,21,5,2,3,4,6,63
1343,1980,Master,Married,70975,2,1,02-03-2011,13,431,193,246,114,89,28,10,8,0,0,5,51
1344,2005,PhD,Married,97886,1,2,22-06-2013,18,488,189,227,6,0,67,1,0,2,4,5,72
1345,1972,PhD,Divorced,81683,1,0,21-01-2007,17,246,140,33,126,92,13,7,6,4,2,5,95
1346,2005,PhD,Single,32892,2,3,29-10-2015,9,204,74,253,148,32,17,7,5,0,3,4,58
1347,1961,PhD,Widowed,107500,3,3,19-08-2005,25,49,38,294,102,33,99,6,7,3,10,10,52
1348,2002,High School,Married,83031,3,3,14-12-2023,18,247,94,84,113,30,64,0,0,2,6,4,80
1349,1994,PhD,Single,21347,1,2,02-04-2021,1,136,63,131,55,87,4,0,4,1,6,6,73
1350,1972,High School,Widowed,28070,3,2,30-03-2011,2,329,23,50,62,97,3,0,3,0,4,8,90
1351,1986,PhD,Single,42171,0,2,19-12-2007,26,359,144,161,49,69,7,5,5,6,5,3,85
1352,1974,High School,Widowed,77700,3,1,22-02-2009,4,181,132,81,136,31,97,9,3,4,8,3,99
1353,1950,PhD,Married,118118,2,3,10-02-2019,19,67,136,262,147,64,27,9,4,8,6,9,50
1354,2002,Associate,Single,79543,0,2,29-11-2023,5,383,50,226,79,24,85,5,3,1,10,5,90
1355,1978,PhD,Married,76145,3,1,16-02-2021,21,199,10,68,123,69,42,3,1,3,9,5,82
1356,1955,Graduate,Single,53186,0,0,13-08-2014,18,116,180,199,46,49,54,0,2,7,4,8,80
1357,1982,Bachelor,Divorced,99562,0,0,30-09-2012,30,290,31,58,135,93,34,1,9,0,0,2,53
1358,1993,High School,Single,26891,3,0,14-03-2015,4,254,137,17,20,15,0,0,0,3,1,8,71
1359,1966,Bachelor,Divorced,110134,3,2,20-08-2011,27,170,27,205,117,93,45,9,0,10,3,2,72
1360,1961,Graduate,Single,99327,2,1,22-03-2018,18,345,157,236,54,31,63,1,6,1,2,8,74
1361,1963,High School,Widowed,115537,1,3,02-05-2005,23,369,172,141,56,96,94,2,3,7,9,3,77
1362,1978,Associate,Married,65739,2,1,17-01-2009,28,291,1,266,149,26,64,9,2,1,10,6,82
1363,1965,PhD,Divorced,87179,3,0,08-04-2008,5,33,23,124,44,42,82,7,3,7,10,0,52
1364,2000,PhD,Widowed,79828,3,0,28-07-2024,21,16,0,6,29,31,87,8,6,5,10,1,67
1365,1963,Master,Widowed,28678,3,3,13-06-2011,21,457,98,227,146,40,83,7,6,5,2,2,87
1366,2001,Associate,Married,116209,2,2,28-10-2017,13,83,127,53,97,4,79,1,2,6,0,0,95
1367,1970,Associate,Widowed,49558,1,3,11-02-2021,3,97,81,173,48,92,72,9,5,1,5,1,87
1368,1994,Associate,Divorced,82009,2,3,28-06-2007,20,161,65,147,126,47,34,8,2,6,6,7,69
1369,1975,Graduate,Single,21968,1,3,24-07-2016,5,345,191,119,68,40,59,9,9,5,4,0,97
1370,1961,Graduate,Married,65936,1,3,22-06-2020,8,140,84,52,62,62,63,1,2,7,2,3,74
1371,1972,PhD,Single,113472,1,2,10-09-2013,4,441,100,271,89,51,32,0,10,8,5,5,76
1372,2003,PhD,Widowed,82305,1,2,18-04-2011,4,469,140,36,30,87,83,10,1,1,0,9,55
1373,1959,PhD,Widowed,117432,0,1,07-05-2018,4,51,52,180,44,84,52,4,5,0,0,4,73
1374,1952,High School,Widowed,96160,3,2,25-01-2020,3,250,76,284,106,49,66,7,4,8,5,6,69
1375,1972,Associate,Divorced,104239,3,3,13-10-2009,26,373,64,94,69,98,41,6,9,8,9,6,73
1376,1951,Bachelor,Widowed,49000,1,3,25-11-2022,27,383,124,130,105,89,85,6,4,8,4,10,73
1377,1993,PhD,Divorced,108810,1,2,26-06-2009,29,43,77,141,80,41,46,7,1,3,6,5,97
1378,1994,Master,Divorced,52532,1,3,07-11-2009,21,247,199,34,133,18,66,1,8,8,1,7,69
1379,1981,High School,Married,83350,3,2,28-02-2015,8,241,6,32,78,30,53,0,3,7,8,1,60
1380,1977,Associate,Married,43267,1,3,17-05-2007,11,448,97,153,108,15,91,7,2,0,4,0,59
1381,1998,Graduate,Widowed,49803,0,1,09-10-2023,2,323,9,131,21,33,84,9,3,5,8,10,75
1382,1976,Associate,Married,56889,0,3,03-10-2008,9,103,163,281,133,9,29,0,1,0,6,4,82
1383,1958,High School,Divorced,68210,0,0,17-08-2005,29,256,151,133,2,5,69,3,1,3,10,9,79
1384,1976,Associate,Single,99126,2,3,15-10-2015,23,294,160,120,128,84,61,10,3,8,5,2,82
1385,1976,Bachelor,Divorced,48117,2,2,18-09-2009,20,159,133,140,76,18,17,9,6,2,9,0,65
1386,1967,High School,Married,84151,2,2,02-01-2010,1,118,126,42,67,13,34,2,0,7,6,1,62
1387,1972,Associate,Single,27288,3,0,21-08-2007,3,491,35,210,70,8,75,7,10,4,6,2,87
1388,1960,Master,Divorced,117923,3,1,12-01-2018,9,121,185,199,75,4,87,1,8,1,0,0,97
1389,1987,Bachelor,Single,92357,3,3,26-01-2017,21,298,48,206,19,61,12,8,5,3,1,8,74
1390,1991,PhD,Divorced,46508,3,1,03-07-2021,4,157,141,107,17,25,94,8,3,2,1,4,74
1391,1973,High School,Single,101687,0,3,16-10-2021,10,47,46,20,132,64,44,5,8,5,0,5,50
1392,1989,PhD,Married,95974,2,3,02-03-2013,28,348,164,195,8,93,13,6,9,3,3,8,75
1393,1986,PhD,Single,87938,1,1,16-05-2019,28,207,121,204,95,52,97,5,3,1,7,4,85
1394,1966,Bachelor,Divorced,82071,1,3,22-03-2011,5,386,126,107,116,86,64,7,10,9,1,1,97
1395,1990,Graduate,Widowed,84596,0,2,26-10-2011,7,56,2,267,58,10,66,4,2,2,0,1,89
1396,1959,PhD,Single,69136,3,1,16-07-2022,19,114,198,207,41,21,45,2,10,9,1,5,59
1397,1983,Graduate,Single,98173,0,2,24-10-2014,23,224,118,79,7,10,7,1,0,10,4,4,92
1398,1966,Bachelor,Single,47836,2,3,05-02-2025,12,162,134,18,100,1,98,2,5,1,4,2,72
1399,1983,Master,Divorced,25058,2,2,02-02-2009,23,53,77,83,89,26,13,10,4,9,10,10,81
1400,1973,Graduate,Married,58698,0,0,09-01-2007,7,432,154,233,30,61,37,1,3,4,0,3,91
1401,1950,Master,Single,50001,3,1,26-02-2010,28,444,153,262,67,79,21,10,3,10,5,2,78
1402,1964,Master,Married,115598,3,3,29-12-2009,24,194,119,136,118,36,4,0,3,8,4,0,55
1403,1986,Associate,Married,115720,3,0,20-12-2012,4,194,79,138,53,34,48,5,5,4,0,2,92
1404,1964,High School,Married,93571,3,0,04-06-2016,24,274,91,249,29,23,31,9,10,10,4,6,75
1405,2000,Graduate,Single,44367,0,2,06-06-2005,18,269,197,22,1,66,19,3,0,8,10,2,57
1406,1981,PhD,Divorced,107450,0,0,05-08-2005,9,106,113,92,144,31,92,3,4,4,8,2,84
1407,1961,PhD,Divorced,61939,2,0,15-02-2015,15,162,23,185,94,21,86,5,5,7,5,10,76
1408,1973,High School,Widowed,116622,1,1,03-11-2021,19,166,98,253,118,24,83,7,7,5,3,8,92
1409,1985,Master,Widowed,96511,0,2,05-05-2017,13,455,158,141,11,41,44,4,4,7,7,10,81
1410,1985,Associate,Single,61591,1,0,09-11-2010,4,39,49,188,49,49,8,10,8,2,7,3,85
1411,1982,High School,Single,35287,3,2,23-06-2008,30,157,27,128,49,32,8,1,3,10,1,6,94
1412,2004,Graduate,Single,63699,2,1,12-08-2011,9,404,151,24,130,13,71,7,9,7,9,3,65
1413,1957,Graduate,Widowed,83298,0,0,18-11-2009,11,105,146,29,137,26,33,8,3,6,1,0,61
1414,2004,High School,Divorced,63368,1,3,12-12-2018,16,232,45,1,101,52,93,10,10,4,4,0,82
1415,1975,PhD,Divorced,107865,3,1,24-03-2011,1,156,110,70,150,21,81,1,0,8,8,2,80
1416,2003,Bachelor,Widowed,92379,1,1,09-05-2017,18,393,181,231,135,68,70,6,1,4,2,1,82
1417,1975,High School,Single,67547,1,2,17-07-2017,10,93,103,125,112,36,36,2,6,1,8,0,83
1418,1964,Master,Married,105956,3,3,08-02-2022,21,380,31,216,8,81,93,6,6,4,8,6,86
1419,2000,Associate,Widowed,111031,1,1,06-08-2015,15,422,190,218,51,70,36,3,4,8,4,0,77
1420,1975,Bachelor,Single,80269,0,1,09-02-2006,19,245,134,244,96,92,100,4,1,7,3,5,68
1421,2003,Graduate,Divorced,96488,3,0,06-10-2020,17,225,88,189,111,7,21,9,10,2,3,4,74
1422,1958,PhD,Widowed,95189,1,0,21-06-2007,4,233,97,162,137,94,33,4,9,2,1,9,73
1423,1976,Associate,Married,114603,0,2,17-09-2019,3,340,102,30,135,20,55,5,5,4,1,4,68
1424,1969,Graduate,Single,51784,0,2,13-07-2010,23,324,0,126,1,1,45,5,6,4,10,6,50
1425,1950,Bachelor,Divorced,95447,1,1,14-02-2021,26,260,125,25,28,65,44,8,10,6,0,6,61
1426,1976,High School,Single,50383,1,2,06-10-2009,18,478,58,142,85,17,46,6,7,8,6,9,88
1427,2002,Master,Divorced,47758,2,2,09-11-2008,24,112,124,7,66,19,98,0,10,2,6,3,62
1428,1951,Graduate,Single,58479,1,0,07-12-2018,13,286,96,42,40,0,2,1,8,0,7,7,92
1429,1956,High School,Divorced,83577,2,0,17-08-2016,29,18,103,70,30,77,69,0,7,2,2,1,62
1430,1998,Master,Married,28873,0,0,08-07-2016,3,343,105,271,116,69,58,7,2,3,8,7,79
1431,1962,Bachelor,Divorced,88049,2,1,20-03-2009,13,262,187,226,19,31,82,9,0,5,3,4,67
1432,1974,Bachelor,Divorced,30177,2,2,29-11-2019,27,130,85,176,33,98,45,4,8,0,1,2,61
1433,1965,Master,Divorced,58968,3,0,19-08-2024,8,392,77,36,58,6,13,9,10,5,8,10,87
1434,1975,Master,Divorced,96323,3,1,21-03-2024,5,437,189,93,50,41,73,9,2,5,8,3,70
1435,1982,Master,Widowed,90576,3,2,06-02-2012,1,16,109,174,6,42,16,1,9,2,9,3,93
1436,1993,Master,Widowed,92758,1,3,06-06-2024,4,112,194,154,57,57,87,5,4,9,8,1,65
1437,1963,PhD,Divorced,79287,1,1,20-05-2020,30,150,73,146,124,21,13,2,6,9,2,5,60
1438,1974,Graduate,Divorced,108608,3,0,16-12-2007,6,228,33,110,9,92,91,0,5,1,10,8,71
1439,1963,Master,Single,110579,1,2,01-09-2017,27,419,1,174,31,27,58,10,7,7,3,8,74
1440,1971,Bachelor,Widowed,91316,2,2,26-06-2017,27,331,57,149,45,73,100,0,5,8,5,10,87
1441,1990,Master,Married,47543,3,0,28-10-2020,18,73,174,164,43,55,4,5,1,5,0,10,95
1442,1995,Bachelor,Divorced,69715,1,0,17-01-2015,1,68,106,10,18,85,99,5,3,4,8,8,74
1443,1970,Master,Single,112235,1,3,07-04-2013,19,438,83,259,149,95,24,1,8,9,7,10,74
1444,2001,High School,Single,66070,1,1,15-03-2016,9,197,132,29,9,83,30,6,4,5,6,7,65
1445,2000,PhD,Divorced,26139,2,0,28-11-2022,24,173,164,127,123,94,82,9,3,1,3,0,85
1446,2003,Bachelor,Married,66017,1,1,06-10-2008,19,271,177,243,54,64,58,6,6,8,6,1,76
1447,1973,PhD,Single,107946,3,1,23-10-2005,9,236,140,18,79,48,72,6,1,10,6,5,56
1448,1963,Master,Single,69176,3,2,15-02-2016,16,496,45,28,20,32,88,3,6,9,0,7,95
1449,2005,Associate,Married,93853,3,1,29-01-2015,15,128,101,134,31,28,76,4,1,10,2,4,73
1450,1956,PhD,Divorced,76815,3,0,15-11-2010,19,258,127,58,94,66,7,1,5,8,1,0,54
1451,1964,High School,Married,102664,0,2,14-11-2015,30,277,25,197,105,62,55,3,10,9,8,10,51
1452,1988,Graduate,Married,47466,2,0,07-12-2011,21,136,50,291,87,26,34,10,8,1,7,7,73
1453,1962,Associate,Widowed,62949,1,2,04-08-2016,7,153,189,42,63,55,71,6,1,1,9,3,69
1454,1983,PhD,Divorced,51888,1,0,11-04-2008,4,120,108,52,100,30,36,3,3,10,6,4,96
1455,1968,Graduate,Divorced,76292,3,0,19-05-2019,21,359,2,57,94,47,10,4,1,1,3,5,96
1456,1952,Graduate,Married,78581,0,0,13-04-2011,15,158,45,285,76,73,17,0,9,6,5,6,67
1457,1951,PhD,Married,30735,0,2,10-08-2009,17,207,147,100,15,86,50,5,3,8,10,5,70
1458,1995,Master,Divorced,23180,0,3,03-01-2009,12,470,123,111,17,49,32,0,8,1,0,6,82
1459,1960,Bachelor,Divorced,29489,0,1,03-01-2008,15,223,83,174,52,100,18,2,8,6,1,3,51
1460,1978,PhD,Widowed,23104,1,0,04-08-2018,6,495,65,189,145,95,21,0,8,0,6,3,71
1461,1952,Associate,Widowed,22971,0,1,05-03-2013,6,156,184,12,60,33,1,1,2,4,8,3,75
1462,1969,High School,Divorced,41378,0,0,27-07-2007,24,470,195,227,25,42,96,4,9,2,1,2,95
1463,1955,Associate,Single,65716,2,1,10-09-2020,5,53,46,102,150,51,67,10,4,7,6,6,52
1464,1994,Master,Married,70654,1,3,03-02-2008,25,163,171,121,73,26,40,9,1,3,2,1,80
1465,1957,PhD,Single,79658,0,0,12-03-2010,8,373,121,226,127,68,71,2,8,2,8,9,69
1466,1995,Bachelor,Divorced,97276,2,1,25-09-2013,7,87,80,64,113,11,68,1,3,9,5,7,68
1467,1980,Graduate,Widowed,53142,0,1,29-04-2009,5,252,166,105,24,66,6,3,1,10,9,9,64
1468,1961,PhD,Single,71318,0,2,27-07-2016,28,217,150,206,34,23,35,2,4,4,4,2,77
1469,1969,Graduate,Single,92843,2,3,30-06-2024,5,232,97,159,6,20,10,5,6,6,5,2,74
1470,1969,Graduate,Single,95331,2,1,02-06-2009,15,277,194,158,96,67,22,8,6,7,9,0,72
1471,1977,Master,Married,74550,1,2,13-01-2006,11,182,148,86,36,0,46,6,9,10,1,1,99
1472,2005,High School,Widowed,94282,3,3,17-01-2011,3,285,16,60,150,4,65,7,9,1,6,3,52
1473,1972,Associate,Divorced,91688,0,3,05-03-2008,4,191,196,191,101,85,16,4,8,8,1,8,80
1474,1983,PhD,Married,63333,2,0,27-03-2016,15,231,14,40,49,3,5,1,4,4,7,6,73
1475,1961,Master,Single,117940,2,0,11-06-2015,14,340,120,214,43,26,7,4,3,4,4,7,91
1476,1972,Associate,Single,79044,2,1,15-12-2005,9,372,179,20,50,52,70,9,8,4,6,2,65
1477,1953,Master,Widowed,62468,1,3,23-03-2005,10,308,123,213,35,12,81,2,1,4,3,5,86
1478,1973,High School,Married,48087,0,3,01-02-2022,13,440,188,97,122,0,86,7,5,7,1,5,51
1479,1997,Graduate,Single,61074,0,3,11-07-2020,24,496,60,255,108,57,78,3,7,5,1,1,57
1480,1977,High School,Married,59223,1,0,04-02-2025,12,160,130,187,19,17,9,3,7,9,9,9,51
1481,1990,PhD,Widowed,50601,1,2,24-09-2017,12,225,46,196,105,23,29,3,8,2,8,10,82
1482,1950,PhD,Widowed,82301,2,3,20-02-2020,16,403,2,14,138,30,52,2,6,3,0,3,67
1483,1965,PhD,Single,39309,0,3,27-09-2010,29,271,11,17,36,22,94,7,7,7,8,3,89
1484,1953,High School,Divorced,46630,3,3,19-08-2014,18,474,87,222,89,9,36,4,4,2,7,8,79
1485,1997,High School,Divorced,38616,1,3,09-05-2014,16,395,195,101,37,11,43,10,2,1,9,8,90
1486,1996,Master,Divorced,54372,3,2,27-05-2018,30,254,152,195,31,76,86,8,8,8,4,10,53
1487,1996,Master,Divorced,63034,3,0,02-06-2024,11,375,142,269,117,30,27,3,0,8,10,3,83
1488,1989,PhD,Married,109721,2,2,26-10-2024,27,436,75,75,78,97,34,3,10,9,6,4,94
1489,1978,Graduate,Married,41636,1,0,14-05-2005,25,232,120,170,115,58,37,9,0,1,1,8,78
1490,1975,Master,Single,97900,0,3,01-12-2013,18,211,128,185,89,76,43,3,8,3,8,2,74
1491,1964,Graduate,Divorced,112980,1,3,16-11-2015,29,271,10,58,3,1,61,8,9,3,9,1,60
1492,1988,Graduate,Single,40499,3,0,29-04-2015,6,26,162,295,91,18,59,6,6,9,10,9,90
1493,1957,Graduate,Divorced,90361,0,1,05-01-2019,3,156,180,33,111,3,40,9,6,0,1,7,63
1494,1982,Bachelor,Single,83039,0,1,31-08-2018,22,19,169,237,18,70,50,0,3,9,9,3,62
1495,1994,Bachelor,Divorced,89362,1,2,22-09-2024,10,355,177,5,52,17,96,9,5,5,8,9,61
1496,1962,Master,Married,43604,0,1,03-01-2022,21,476,156,233,47,64,4,10,7,7,6,7,80
1497,1950,Bachelor,Single,93962,2,0,16-08-2020,10,227,40,177,20,39,64,0,10,0,5,2,55
1498,1957,Bachelor,Widowed,112492,3,3,03-06-2010,4,380,29,41,124,76,45,10,2,8,3,0,89
1499,1953,Associate,Married,61466,0,3,11-05-2008,24,306,62,88,146,58,10,10,1,2,4,8,84
1500,1951,Bachelor,Married,44693,2,1,25-06-2019,4,266,61,290,71,32,26,6,2,5,9,5,80
1501,2005,Associate,Single,32484,3,3,17-01-2018,8,297,20,120,140,28,49,9,2,9,2,6,55
1502,1976,High School,Divorced,88417,0,2,09-09-2018,19,450,156,54,107,95,24,8,3,4,5,3,78
1503,2001,Master,Single,86772,1,3,25-05-2010,12,371,80,133,104,80,63,8,2,9,5,4,61
1504,1961,Bachelor,Divorced,79114,3,2,28-02-2014,26,325,38,282,88,54,88,4,4,9,2,9,50
1505,1953,PhD,Single,76903,2,3,07-07-2021,29,86,23,78,31,75,70,0,0,5,10,9,82
1506,2005,Associate,Married,50078,3,3,10-09-2006,27,262,41,156,62,11,48,1,4,8,4,1,73
1507,1986,Master,Widowed,75359,2,2,13-11-2011,6,248,197,144,33,50,92,4,1,4,9,7,63
1508,1997,PhD,Single,29717,3,0,09-10-2005,3,389,123,254,64,96,9,8,6,2,2,5,58
1509,1959,Associate,Widowed,82165,1,1,13-10-2006,6,193,145,231,88,13,55,8,10,6,5,6,50
1510,1964,Graduate,Widowed,54439,3,0,25-05-2024,30,45,41,59,29,6,100,1,10,4,2,7,67
1511,1966,Graduate,Divorced,105562,1,1,25-12-2007,12,352,88,233,33,75,64,9,6,1,9,7,93
1512,1995,High School,Widowed,77377,3,0,26-10-2007,2,201,34,291,65,11,97,10,0,10,8,1,98
1513,1998,Graduate,Single,44043,2,3,23-02-2006,7,402,82,68,32,99,5,6,6,0,9,0,52
1514,1973,PhD,Divorced,87820,1,3,08-03-2005,29,279,50,145,73,64,88,2,7,10,5,7,97
1515,1984,PhD,Divorced,36920,1,2,10-04-2006,27,244,72,283,115,75,56,3,7,3,8,3,69
1516,1985,Associate,Married,105437,0,1,24-09-2018,28,47,123,192,95,63,65,4,10,0,6,8,99
1517,1983,Graduate,Single,43159,2,1,24-01-2012,19,77,9,247,79,26,42,7,4,3,10,10,53
1518,1989,Master,Married,91777,2,0,28-08-2008,17,263,19,201,19,73,16,3,1,1,4,1,54
1519,1963,Bachelor,Single,108184,2,2,01-05-2018,23,141,4,92,138,34,61,3,4,9,5,6,100
1520,1990,Associate,Single,65915,3,0,22-05-2019,8,459,17,121,119,26,5,7,9,1,6,9,100
1521,1991,PhD,Widowed,68824,3,1,18-07-2010,14,172,76,276,78,68,98,7,6,7,5,0,59
1522,1957,PhD,Divorced,112500,2,0,31-03-2007,28,35,134,195,10,69,72,1,4,0,4,5,92
1523,1977,Bachelor,Married,115410,2,0,15-10-2016,10,137,154,197,122,51,39,4,8,4,10,8,55
1524,2002,Associate,Married,100685,1,1,07-06-2007,13,221,161,231,106,52,55,5,2,1,6,8,55
1525,1952,Master,Married,111865,2,0,15-04-2018,28,45,7,122,49,15,69,4,0,9,8,10,85
1526,1998,Graduate,Single,62153,2,3,02-12-2018,13,452,133,94,3,84,32,1,4,7,4,4,72
1527,1996,Master,Divorced,54247,3,2,13-11-2021,20,149,159,76,98,27,4,0,5,0,9,5,62
1528,1995,PhD,Widowed,103990,1,3,04-06-2022,9,496,198,215,139,45,82,0,0,2,0,4,69
1529,1976,Associate,Single,89164,1,0,01-07-2019,24,113,143,16,84,82,70,10,5,7,1,10,58
1530,1994,High School,Widowed,27183,3,1,22-02-2021,20,23,94,148,109,36,30,0,7,10,2,3,78
1531,1979,Graduate,Single,106032,3,1,24-03-2021,4,215,35,157,57,57,90,5,6,10,6,2,94
1532,2005,Master,Single,115236,2,2,22-11-2016,8,469,61,121,105,65,46,8,9,2,0,4,61
1533,1959,PhD,Single,36918,0,0,08-01-2015,12,316,154,300,42,85,92,7,10,10,1,9,73
1534,1950,PhD,Widowed,74962,1,0,18-11-2020,29,183,191,281,18,3,24,6,2,3,9,6,52
1535,1988,Graduate,Widowed,72333,2,3,26-04-2014,13,464,95,129,94,27,74,10,10,4,7,8,90
1536,1979,High School,Widowed,70133,3,1,09-08-2024,12,86,39,293,111,58,19,3,2,4,3,0,88
1537,1964,Associate,Divorced,67531,2,0,04-07-2021,21,130,51,280,117,24,82,3,6,1,10,5,83
1538,1993,Master,Married,114034,2,3,12-03-2016,4,231,146,140,13,42,23,0,5,0,9,5,89
1539,1999,Graduate,Widowed,21564,3,2,27-08-2023,27,415,155,77,135,87,60,6,7,5,2,3,64
1540,1958,Graduate,Divorced,97497,0,3,22-09-2012,27,311,85,53,95,87,97,9,9,9,5,2,54
1541,1952,Bachelor,Divorced,31936,1,1,15-12-2010,8,395,133,252,88,2,69,8,3,2,1,7,53
1542,1984,Graduate,Widowed,92886,1,3,28-12-2013,11,247,73,20,72,85,31,6,7,9,2,4,54
1543,1964,Associate,Married,77808,2,2,27-08-2008,5,404,187,93,57,59,6,2,4,5,2,4,77
1544,1987,Associate,Widowed,60917,2,0,22-01-2011,21,496,101,140,129,32,75,0,3,5,8,0,88
1545,1972,PhD,Widowed,22147,3,2,05-04-2011,11,47,84,86,28,56,80,7,3,3,7,3,62
1546,1978,PhD,Single,104193,3,2,13-08-2023,6,116,139,105,124,16,86,0,10,5,9,7,60
1547,1966,Bachelor,Single,45695,1,3,12-10-2006,26,364,53,114,38,70,6,3,9,7,1,8,95
1548,1986,Master,Divorced,104199,0,0,03-08-2024,13,343,198,105,60,100,33,5,1,4,6,1,67
1549,1986,PhD,Divorced,98548,3,3,09-10-2017,20,450,141,36,16,31,74,10,10,3,1,9,95
1550,1972,PhD,Divorced,85278,0,0,11-11-2017,25,403,125,279,132,43,77,2,4,3,1,7,68
1551,1992,Graduate,Married,95241,2,0,25-03-2011,23,191,82,289,14,46,87,10,7,10,9,3,82
1552,1963,Associate,Married,76128,0,0,11-10-2011,1,331,59,56,83,41,50,0,0,4,9,2,86
1553,1990,Bachelor,Single,83740,2,0,01-07-2024,1,402,62,150,135,22,55,2,9,8,9,9,59
1554,1993,Master,Single,103412,0,0,25-01-2020,25,187,109,106,36,27,42,6,4,6,5,0,81
1555,1960,Master,Divorced,68101,2,1,22-05-2023,18,52,22,25,117,63,78,6,10,7,5,0,93
1556,1960,Master,Divorced,97521,0,0,04-02-2023,24,272,179,147,41,18,14,7,2,10,6,7,63
1557,1961,Associate,Divorced,25218,1,3,27-08-2008,16,417,10,34,6,12,82,6,5,0,10,2,51
1558,1961,High School,Widowed,28292,2,0,07-11-2010,12,399,109,78,64,59,74,5,4,7,8,4,69
1559,1988,Graduate,Married,78381,1,2,10-07-2010,14,310,26,0,27,97,87,6,10,5,7,8,55
1560,1959,PhD,Single,87296,0,3,02-05-2017,30,393,126,226,45,9,39,2,7,3,10,5,59
1561,1993,Master,Single,94001,2,0,06-04-2013,14,403,126,18,75,14,1,10,3,5,9,6,54
1562,1965,Associate,Divorced,29453,0,2,02-07-2024,11,118,146,229,105,78,96,6,2,1,4,10,62
1563,1958,PhD,Married,33828,2,1,18-02-2014,4,134,39,173,74,69,27,6,5,2,6,6,51
1564,1993,Master,Single,25789,2,2,27-05-2016,25,229,14,212,87,69,86,0,7,0,2,8,63
1565,1958,High School,Married,93572,3,2,17-11-2009,3,237,124,41,141,20,25,8,10,10,3,10,58
1566,1985,Master,Married,27790,2,3,18-05-2019,19,197,5,172,100,98,84,4,0,9,3,9,54
1567,1953,PhD,Divorced,88429,2,0,12-07-2009,17,369,132,98,114,18,89,0,5,10,7,5,93
1568,1974,Graduate,Married,24230,0,0,07-02-2024,13,309,25,197,131,68,60,8,3,2,7,9,52
1569,2005,High School,Divorced,75551,3,2,17-08-2005,4,414,66,263,79,15,47,3,3,5,6,4,58
1570,1993,Graduate,Divorced,99111,3,3,21-03-2006,10,236,27,194,120,56,50,10,3,0,7,8,65
1571,1972,PhD,Widowed,45015,3,1,04-09-2020,9,203,181,181,66,89,3,7,3,10,1,8,81
1572,1975,High School,Widowed,97267,3,1,15-06-2019,22,245,94,72,9,73,20,1,1,6,8,2,71
1573,1969,Graduate,Widowed,67894,1,3,15-12-2013,13,34,187,17,128,95,98,4,1,1,9,2,51
1574,1954,Associate,Married,27544,2,1,24-10-2014,17,482,154,154,116,52,90,6,9,10,6,4,96
1575,1962,High School,Widowed,33242,3,0,13-01-2009,25,155,69,163,142,93,100,8,6,6,10,8,92
1576,1997,PhD,Married,39619,3,3,15-02-2025,17,239,134,86,41,16,14,10,2,8,5,6,95
1577,1963,Master,Divorced,116864,2,3,11-10-2018,4,292,141,12,31,8,35,5,3,0,0,7,63
1578,1967,Associate,Widowed,63600,1,2,20-07-2013,22,24,185,36,138,60,91,10,4,9,0,9,64
1579,1984,Master,Divorced,61284,0,3,08-01-2016,7,138,40,186,110,18,88,9,9,5,8,1,56
1580,2003,Bachelor,Widowed,85921,2,3,21-09-2017,13,76,121,223,52,35,78,9,0,9,1,1,79
1581,1959,PhD,Widowed,117424,1,0,29-03-2017,4,308,193,29,1,66,11,2,6,8,8,8,56
1582,1970,Graduate,Married,110407,3,2,17-01-2025,18,331,132,2,2,99,20,1,2,10,1,9,88
1583,1973,Bachelor,Married,109427,1,0,04-03-2010,29,4,22,245,85,54,3,9,8,5,9,8,100
1584,1976,High School,Divorced,101341,3,0,08-03-2021,26,500,28,180,17,48,59,1,10,2,7,5,84
1585,1987,PhD,Divorced,92031,2,0,10-01-2017,15,447,131,168,76,16,90,10,6,8,4,0,96
1586,1969,Graduate,Married,104221,1,0,19-03-2014,27,368,65,161,102,35,97,4,0,8,10,7,54
1587,1962,Master,Widowed,74983,1,1,18-11-2005,22,178,125,292,111,68,1,4,1,5,10,1,57
1588,1972,Graduate,Single,39071,1,2,06-04-2011,20,465,49,88,77,29,86,6,10,6,1,3,74
1589,1997,Bachelor,Single,108679,3,3,06-06-2009,29,358,115,292,143,2,51,0,8,4,10,4,70
1590,1984,PhD,Divorced,80610,1,1,17-03-2023,5,175,112,252,60,84,52,5,8,1,7,10,86
1591,1950,Bachelor,Single,26258,3,2,24-03-2016,6,313,137,144,50,54,2,8,9,9,10,10,52
1592,1971,Associate,Single,55267,3,1,26-03-2021,8,77,24,208,37,11,96,1,10,4,10,2,73
1593,1997,PhD,Single,48287,0,1,05-09-2009,10,304,108,109,98,76,91,2,1,3,7,7,87
1594,1951,Bachelor,Divorced,118389,2,3,20-11-2022,10,59,172,166,134,100,3,4,5,1,4,8,51
1595,2002,Bachelor,Married,118819,3,3,24-01-2024,29,272,91,248,11,79,79,2,9,3,8,1,73
1596,1976,Graduate,Single,115914,0,2,07-04-2022,22,382,92,44,104,11,48,3,4,8,5,5,98
1597,1959,Associate,Single,22974,3,1,17-10-2014,30,139,101,169,124,96,97,0,10,3,7,3,75
1598,1971,High School,Widowed,38326,3,2,20-10-2011,9,484,89,264,147,81,37,3,9,8,1,2,96
1599,1976,High School,Married,119102,1,3,19-06-2011,26,242,60,215,36,74,70,3,1,3,7,3,80
1600,1960,Master,Married,82688,2,3,11-07-2006,18,331,17,298,141,28,51,3,7,3,6,2,98
1601,1974,Associate,Single,114070,2,1,30-10-2005,18,80,196,262,110,40,84,2,3,10,8,5,68
1602,1977,PhD,Divorced,23847,0,2,26-08-2012,27,208,90,3,112,28,7,2,6,2,4,8,95
1603,1956,PhD,Married,61215,2,2,24-07-2015,1,260,136,298,101,31,28,6,0,1,6,4,88
1604,1991,Bachelor,Widowed,24652,2,3,05-01-2016,30,104,70,100,19,21,1,0,7,2,8,8,64
1605,1960,Master,Single,119652,3,1,28-06-2014,15,240,147,194,44,46,41,1,9,4,1,1,65
1606,1993,PhD,Widowed,82743,3,0,04-09-2005,17,184,53,230,121,9,17,7,2,9,0,2,60
1607,2001,High School,Widowed,21305,0,2,15-04-2018,18,301,7,225,55,60,63,10,6,5,10,10,78
1608,1968,Bachelor,Widowed,103954,2,2,30-10-2009,18,23,135,60,41,19,97,9,8,1,9,1,50
1609,1977,Graduate,Single,117561,0,1,21-05-2008,4,316,73,179,134,3,64,4,9,0,4,9,77
1610,1970,Bachelor,Divorced,41984,2,1,21-03-2009,8,110,103,182,11,72,58,6,10,9,8,2,79
1611,1952,Graduate,Divorced,118871,3,0,28-11-2005,10,368,96,156,125,41,13,0,7,0,7,4,61
1612,2000,Bachelor,Married,40577,0,0,10-09-2013,19,214,64,291,134,54,32,9,2,8,0,8,91
1613,1996,Graduate,Divorced,34338,3,2,17-02-2012,26,244,125,106,52,71,39,6,10,0,9,7,98
1614,1965,Master,Widowed,87771,0,3,27-04-2022,15,463,70,162,47,70,22,0,0,10,8,6,91
1615,1975,Master,Single,90568,0,3,07-03-2006,14,481,196,12,132,29,100,10,0,1,7,9,94
1616,1990,Graduate,Single,50896,3,2,10-02-2023,16,66,8,201,93,16,56,0,8,1,8,10,78
1617,1956,Associate,Widowed,57516,3,0,04-12-2016,4,171,35,264,117,50,45,8,1,3,6,0,94
1618,1951,PhD,Widowed,43819,0,3,26-03-2014,20,103,113,86,130,95,75,8,3,6,5,1,84
1619,1993,High School,Widowed,77526,3,2,11-12-2007,20,108,109,203,44,62,31,3,0,2,3,4,57
1620,1994,Associate,Single,38945,0,2,03-07-2019,2,211,45,155,112,28,55,0,3,4,1,0,59
1621,1956,PhD,Single,25557,1,1,24-03-2022,13,6,118,22,150,18,13,0,9,4,2,0,83
1622,1990,PhD,Divorced,86974,0,2,13-01-2025,27,152,81,141,146,14,48,7,5,3,3,7,93
1623,1954,PhD,Single,101763,2,1,01-06-2007,28,317,163,209,56,1,71,3,1,1,9,6,91
1624,1963,Graduate,Widowed,67011,1,2,21-07-2007,25,52,96,209,18,77,19,9,0,9,1,8,89
1625,1988,High School,Widowed,92938,3,1,25-01-2018,17,105,186,208,64,25,27,10,3,2,6,7,65
1626,2003,High School,Single,90240,2,2,10-09-2020,5,21,135,279,11,27,0,1,6,8,2,1,76
1627,1966,Master,Divorced,98297,3,3,30-01-2021,5,17,1,9,65,77,55,9,2,6,3,8,51
1628,1987,High School,Divorced,72187,0,1,18-12-2019,10,287,115,91,64,74,14,3,8,9,7,9,66
1629,1979,Master,Married,82000,3,1,01-08-2022,25,338,120,148,72,54,9,1,3,8,3,8,95
1630,2000,Bachelor,Single,31014,2,0,13-04-2010,23,297,64,177,29,62,48,1,6,0,7,10,89
1631,1952,Bachelor,Widowed,68789,1,3,01-12-2016,4,157,172,151,98,45,85,2,9,2,8,4,72
1632,1964,PhD,Widowed,36340,0,2,09-06-2022,6,71,125,242,91,6,18,1,7,4,1,0,83
1633,1958,Master,Divorced,25216,0,0,03-05-2019,28,449,62,180,7,27,65,9,1,10,8,8,56
1634,1997,Master,Married,103783,2,0,15-10-2006,15,15,116,269,88,95,13,4,8,6,10,2,92
1635,1972,High School,Widowed,101097,2,0,20-12-2018,9,477,48,76,104,33,75,0,10,10,10,1,54
1636,1962,Bachelor,Single,79410,3,2,03-10-2017,21,91,76,245,51,5,1,6,1,9,2,10,66
1637,2000,Graduate,Widowed,29473,0,2,28-01-2015,10,183,126,228,67,59,68,8,4,9,4,9,70
1638,1992,Associate,Married,31270,1,0,17-03-2010,1,142,115,162,118,80,77,1,6,5,9,2,90
1639,1956,PhD,Widowed,119720,2,1,25-04-2020,30,46,190,150,84,13,3,3,3,6,10,9,75
1640,1962,Bachelor,Married,63138,0,1,16-10-2011,16,87,178,76,32,58,36,6,6,10,2,8,92
1641,1964,High School,Single,105753,2,0,01-08-2014,14,268,22,13,97,70,13,6,3,2,0,9,88
1642,1975,High School,Married,27348,2,0,08-09-2013,27,432,129,165,59,16,48,5,5,0,8,5,65
1643,1985,Associate,Divorced,52575,1,0,09-12-2014,12,179,173,104,27,58,48,5,7,8,2,8,55
1644,1959,Associate,Widowed,81596,1,2,02-10-2016,19,186,107,248,108,53,66,2,2,9,5,9,82
1645,1991,Master,Single,107802,3,3,24-08-2016,18,266,26,125,28,20,64,5,5,5,3,3,59
1646,1981,Associate,Single,35350,1,0,26-05-2017,24,462,197,194,93,68,40,6,0,1,2,2,92
1647,1960,PhD,Divorced,73203,3,3,22-07-2012,2,128,106,13,141,55,11,5,3,1,3,0,78
1648,1989,Associate,Widowed,84801,1,2,09-08-2024,12,39,142,137,125,87,34,6,7,7,5,4,73
1649,1973,Graduate,Divorced,77028,1,3,29-12-2020,4,436,126,70,143,4,25,9,9,1,1,4,90
1650,1977,Associate,Widowed,47252,2,3,04-01-2012,20,161,123,100,69,46,89,0,8,8,6,6,63
1651,1972,PhD,Single,37508,3,3,28-02-2015,21,211,20,268,130,61,98,2,1,5,5,0,96
1652,1951,High School,Widowed,71734,2,3,29-01-2009,1,180,138,52,63,22,61,7,5,5,8,0,72
1653,1968,High School,Widowed,114399,3,2,21-04-2018,14,127,152,112,15,92,52,8,9,3,6,2,55
1654,1954,High School,Widowed,113293,3,3,16-10-2024,28,211,77,243,86,53,91,2,0,2,6,3,89
1655,1951,High School,Married,59432,1,1,13-03-2009,1,48,175,192,106,28,8,1,5,7,6,0,71
1656,1955,Graduate,Divorced,55703,3,0,16-05-2007,27,172,67,95,129,21,2,3,8,9,3,1,92
1657,1979,PhD,Divorced,87719,0,2,26-05-2022,19,419,163,171,113,31,82,4,8,2,4,9,68
1658,1987,Bachelor,Married,80200,2,3,12-07-2020,20,118,4,47,95,58,37,0,1,2,9,4,55
1659,2001,Associate,Divorced,86410,3,1,30-01-2013,3,201,26,2,69,38,19,7,1,7,0,3,74
1660,1981,PhD,Widowed,76784,1,3,03-04-2018,17,294,38,268,127,92,76,1,7,8,9,8,55
1661,1955,High School,Divorced,65293,3,3,01-04-2007,6,251,46,139,30,76,56,2,3,4,10,8,51
1662,1957,Associate,Single,26784,0,2,13-10-2023,26,365,133,168,129,26,94,4,10,9,3,5,65
1663,1993,High School,Married,110099,2,3,08-02-2024,14,209,102,122,20,35,61,5,0,4,10,6,62
1664,1967,Master,Widowed,44249,1,3,31-12-2019,9,407,165,154,102,80,13,4,0,6,0,8,63
1665,2001,High School,Single,84976,0,3,17-01-2022,11,16,124,40,15,63,38,9,0,5,3,6,89
1666,1964,High School,Widowed,64967,1,0,15-12-2015,1,55,26,115,39,9,62,4,7,5,1,6,79
1667,1999,Graduate,Married,61049,1,2,26-02-2012,25,289,136,212,33,50,59,1,1,6,6,10,87
1668,1976,High School,Single,83466,3,3,15-01-2009,1,32,139,240,132,53,22,5,4,4,3,3,99
1669,1990,PhD,Widowed,99411,3,0,07-06-2007,12,126,60,20,10,7,57,3,10,6,4,1,70
1670,1982,Graduate,Widowed,42414,2,3,02-11-2005,13,432,174,300,145,1,37,1,3,0,6,7,59
1671,1965,High School,Single,88486,2,0,20-02-2011,22,308,41,41,5,41,67,4,8,3,0,8,58
1672,2005,Graduate,Widowed,23162,0,2,13-01-2025,8,132,95,132,126,83,70,9,3,2,9,2,63
1673,2005,PhD,Divorced,43501,0,1,18-10-2023,17,330,62,34,50,42,75,9,0,1,9,7,51
1674,1993,PhD,Married,115605,0,2,29-05-2018,20,43,174,69,123,69,97,4,1,6,4,8,57
1675,1989,PhD,Married,33240,3,0,18-06-2009,26,91,122,146,75,73,9,1,9,3,5,7,93
1676,1986,High School,Divorced,103402,3,2,22-09-2014,20,195,24,140,74,16,22,7,3,9,2,5,82
1677,1960,Associate,Divorced,102913,3,0,24-04-2012,26,204,16,232,12,67,75,0,6,8,5,7,90
1678,1978,PhD,Single,93924,2,1,08-10-2007,14,7,28,228,110,73,80,8,3,2,8,9,83
1679,1975,Master,Widowed,38720,1,1,24-01-2025,18,281,34,254,43,96,36,8,8,10,7,0,50
1680,1994,Bachelor,Single,98390,3,0,26-03-2017,18,43,94,69,43,42,47,9,1,7,5,6,76
1681,1999,High School,Divorced,39909,2,1,22-04-2014,25,179,10,52,150,61,67,0,4,2,8,3,94
1682,1991,Bachelor,Married,54606,2,0,06-11-2018,15,111,178,89,18,19,84,3,9,1,7,8,56
1683,1994,PhD,Single,21243,0,3,08-11-2020,25,53,14,6,96,66,33,5,5,10,1,3,72
1684,1996,Master,Single,49881,1,3,09-03-2012,13,173,188,273,45,40,24,7,0,3,9,10,93
1685,1955,Graduate,Single,66005,2,0,19-11-2020,25,259,2,138,27,69,57,0,1,9,8,9,54
1686,1983,Graduate,Single,99615,1,3,11-07-2016,15,209,196,69,135,26,50,6,5,5,9,3,57
1687,1996,Bachelor,Divorced,76949,1,0,17-07-2015,9,86,170,278,141,71,96,8,10,0,0,0,57
1688,1984,PhD,Married,42771,3,0,16-01-2020,27,428,136,59,78,40,40,0,2,8,5,10,64
1689,1974,Associate,Divorced,59517,0,0,26-12-2014,1,178,168,119,70,16,62,3,7,0,5,5,80
1690,1958,High School,Divorced,72687,3,0,19-03-2015,11,198,84,19,62,19,95,2,5,10,8,7,81
1691,1996,Graduate,Divorced,22860,3,0,28-08-2011,5,405,129,8,40,1,71,1,7,9,1,9,51
1692,1956,High School,Single,32702,0,3,03-07-2006,8,74,35,126,116,15,83,10,9,6,0,8,95
1693,1993,Graduate,Divorced,118051,1,0,23-05-2017,17,374,114,17,5,28,69,0,5,0,0,4,62
1694,1998,Master,Married,42704,0,3,10-07-2012,23,332,70,137,96,98,100,4,5,3,2,8,50
1695,1957,Bachelor,Single,57064,0,0,26-08-2024,15,416,155,13,147,47,92,10,6,8,3,6,53
1696,1981,Graduate,Widowed,81843,2,3,24-10-2022,14,163,194,277,39,38,58,6,5,8,4,9,64
1697,1984,Master,Single,57546,0,3,06-09-2008,29,56,113,174,74,64,34,10,2,5,5,2,80
1698,1970,Bachelor,Widowed,52526,0,3,03-01-2016,21,393,137,221,42,0,8,3,2,9,9,2,84
1699,1966,Associate,Widowed,62546,1,0,13-04-2020,30,188,157,250,66,89,74,9,0,9,3,1,63
1700,1978,Master,Married,85003,3,0,20-02-2023,19,100,27,92,51,75,19,3,6,3,3,3,75
1701,1990,Associate,Divorced,101869,2,0,05-10-2007,3,490,195,250,71,62,9,9,3,0,0,7,56
1702,1952,Associate,Married,60013,3,0,23-03-2013,1,393,34,60,63,97,68,3,0,9,9,3,76
1703,2001,Master,Single,84167,1,1,21-01-2021,5,10,45,209,30,61,87,3,2,6,3,9,68
1704,1989,Graduate,Married,20302,3,1,30-03-2013,13,307,170,74,48,8,40,5,2,3,5,6,89
1705,1966,Associate,Married,99104,2,0,14-06-2017,20,14,139,86,49,23,75,1,8,1,3,5,76
1706,1980,Bachelor,Single,99535,0,1,28-01-2024,30,46,188,107,69,4,18,7,7,6,6,3,65
1707,1975,High School,Divorced,64174,1,0,21-07-2019,7,178,89,220,49,65,52,1,7,5,2,6,80
1708,2000,Associate,Widowed,113988,3,3,17-09-2013,26,436,193,159,63,4,33,1,1,10,6,9,72
1709,1952,PhD,Married,23839,2,1,03-10-2011,13,228,14,124,66,9,55,0,8,7,8,3,55
1710,1979,Graduate,Single,31238,2,3,22-01-2017,8,292,25,132,59,54,59,2,7,3,1,3,98
1711,1997,Associate,Married,96301,2,3,04-05-2022,6,316,191,269,51,94,13,3,9,5,9,9,98
1712,1965,Associate,Single,102169,2,0,24-04-2010,22,14,74,293,69,28,56,7,1,5,7,5,70
1713,1975,Graduate,Widowed,35412,1,1,26-04-2012,20,163,26,33,22,45,53,7,2,6,4,3,69
1714,1959,PhD,Single,84694,0,0,06-05-2007,17,135,164,226,51,63,35,7,2,8,3,10,67
1715,1950,Graduate,Divorced,105661,2,0,16-11-2024,21,27,24,58,43,69,77,0,0,6,7,8,73
1716,1996,Graduate,Widowed,66190,0,0,27-03-2011,8,250,49,235,12,80,18,3,0,3,0,4,92
1717,1976,High School,Married,38327,0,1,01-06-2021,14,194,48,72,112,28,70,6,5,5,9,5,100
1718,1986,Associate,Married,97923,2,1,08-10-2015,13,319,159,158,139,45,46,1,5,9,6,10,88
1719,1998,Bachelor,Widowed,83280,3,3,06-11-2022,5,61,131,195,23,50,75,5,6,3,9,10,88
1720,1966,Graduate,Widowed,95987,0,2,24-04-2013,21,271,160,190,56,35,26,2,6,8,9,7,100
1721,1981,High School,Divorced,98768,2,3,04-10-2024,11,217,7,202,23,93,16,4,6,4,4,0,78
1722,1997,Bachelor,Widowed,22465,1,0,14-08-2012,2,431,101,223,95,72,10,5,8,6,1,3,74
1723,1972,Master,Married,98301,0,1,13-09-2005,10,492,200,3,107,2,53,6,9,7,0,5,61
1724,2005,Bachelor,Married,42138,0,1,06-12-2008,2,475,106,28,101,99,36,6,6,5,2,8,91
1725,1962,Master,Single,43711,3,3,15-04-2016,16,59,185,287,99,27,65,9,5,2,4,5,73
1726,1963,PhD,Widowed,63134,2,2,10-02-2019,7,6,105,278,124,51,16,6,2,4,1,5,89
1727,1961,Graduate,Divorced,102239,2,0,27-02-2014,3,32,47,211,25,1,93,4,5,2,10,6,54
1728,1965,Graduate,Married,53256,2,2,07-11-2016,12,283,199,31,143,96,92,9,3,0,5,7,66
1729,1959,PhD,Married,59401,2,2,08-12-2007,25,78,187,146,51,16,83,9,10,1,9,1,78
1730,1954,Graduate,Widowed,106975,0,1,07-06-2005,10,297,139,267,43,60,3,10,1,1,5,0,94
1731,1952,Master,Single,78197,0,1,27-02-2013,2,255,86,74,101,81,37,2,3,4,8,9,52
1732,1992,PhD,Widowed,64230,0,0,14-02-2023,24,6,31,145,54,14,92,7,2,3,4,10,52
1733,1994,Associate,Married,89243,1,1,08-04-2012,2,267,46,87,137,98,28,2,6,3,10,2,59
1734,1983,PhD,Divorced,50263,3,0,28-01-2012,4,18,97,165,75,70,99,5,9,5,7,7,73
1735,1990,High School,Single,49620,3,0,07-05-2022,29,184,43,278,22,68,16,0,5,4,3,1,82
1736,1953,Master,Divorced,38365,2,0,27-10-2018,7,232,59,297,71,32,25,6,5,3,3,10,89
1737,1990,Graduate,Married,66781,0,3,01-07-2015,8,413,46,171,32,73,93,0,0,1,9,7,64
1738,1990,High School,Married,25055,1,2,10-07-2006,1,84,62,156,72,95,49,6,2,9,6,0,100
1739,1965,Graduate,Married,39371,0,3,01-04-2011,13,304,183,200,32,22,2,8,0,6,3,1,71
1740,1998,High School,Divorced,58670,1,3,16-07-2010,2,181,57,20,2,91,34,9,0,6,9,7,65
1741,1980,High School,Single,54886,1,2,12-05-2018,4,461,151,33,109,7,47,8,3,10,7,8,100
1742,1967,Graduate,Single,77169,3,0,27-06-2018,11,29,172,235,150,44,68,5,7,6,10,6,89
1743,1980,High School,Married,24310,1,2,27-11-2009,30,43,182,0,123,71,50,9,8,2,5,1,98
1744,1950,High School,Single,21256,2,0,10-06-2010,8,316,69,92,79,15,45,1,7,10,6,10,61
1745,1975,Graduate,Single,22009,2,3,03-11-2023,21,395,11,49,123,80,53,3,5,9,4,0,76
1746,2001,Graduate,Divorced,117670,3,3,19-11-2019,10,358,11,78,145,43,75,7,3,4,3,10,78
1747,1970,Master,Single,56423,1,3,21-10-2023,15,400,79,31,8,26,2,8,3,2,8,7,90
1748,2005,PhD,Married,65209,0,2,07-08-2009,13,116,189,296,10,12,77,4,10,8,1,10,77
1749,1994,Bachelor,Divorced,70998,3,3,01-07-2010,23,399,17,201,148,60,27,1,0,0,5,0,87
1750,1989,High School,Divorced,113865,0,3,10-08-2020,10,143,171,283,83,67,95,3,9,0,9,0,89
1751,1980,Graduate,Widowed,86419,3,0,28-11-2011,26,383,132,268,95,68,45,0,10,0,3,7,81
1752,1954,Associate,Single,57527,1,3,12-09-2007,29,497,13,48,8,60,25,1,7,5,4,7,83
1753,2003,Associate,Widowed,119900,0,2,10-04-2008,23,226,154,253,81,59,72,5,6,4,5,8,60
1754,1973,Associate,Widowed,92901,0,0,10-11-2017,19,224,16,197,143,85,11,0,8,5,4,9,92
1755,1991,Bachelor,Single,32122,1,0,10-04-2014,19,379,180,105,94,96,92,1,9,3,8,3,53
1756,1950,Bachelor,Divorced,71223,3,3,02-08-2007,19,28,109,120,97,0,9,4,10,7,7,7,62
1757,2004,Bachelor,Married,29242,3,1,03-11-2016,10,407,4,192,11,59,92,0,10,1,6,10,76
1758,1974,Graduate,Single,59790,3,3,03-01-2006,26,122,198,263,63,78,95,2,0,8,9,8,86
1759,1970,PhD,Single,20168,3,3,06-09-2005,15,141,6,55,118,55,26,0,6,1,9,1,51
1760,2003,Bachelor,Married,22640,3,0,22-11-2020,6,494,78,209,128,17,96,9,8,9,6,3,91
1761,1996,Associate,Married,84124,3,3,20-03-2024,25,269,180,170,82,46,26,10,5,5,2,5,56
1762,1970,Associate,Widowed,25165,2,2,18-06-2006,12,102,64,28,110,58,13,3,0,10,6,6,98
1763,1961,Associate,Divorced,69885,1,2,27-11-2024,10,332,141,108,51,36,0,2,4,0,9,7,58
1764,1994,Master,Married,50255,2,2,11-11-2007,2,224,15,187,61,77,22,2,3,8,0,2,99
1765,1999,PhD,Divorced,37768,1,1,05-04-2014,15,76,125,33,109,0,17,8,3,0,7,0,90
1766,1979,Bachelor,Single,80789,2,1,12-07-2021,21,421,80,136,7,37,6,8,4,5,0,4,66
1767,1972,Bachelor,Widowed,67504,1,2,12-04-2019,13,159,124,3,121,5,0,7,3,3,5,10,98
1768,2004,Associate,Married,111289,1,3,19-05-2023,2,217,165,199,12,83,61,5,1,3,9,0,72
1769,2003,PhD,Single,74351,0,3,02-01-2013,21,214,42,254,94,25,28,6,5,10,2,10,90
1770,2004,Graduate,Widowed,21774,1,2,23-01-2007,1,131,88,152,67,5,68,9,6,4,10,6,84
1771,2003,Graduate,Married,58350,0,3,04-09-2022,13,435,124,161,39,89,48,10,2,2,10,10,82
1772,1976,High School,Single,30917,0,1,14-08-2014,21,102,21,97,15,80,74,5,3,1,2,1,91
1773,1988,Master,Divorced,33254,2,2,06-11-2017,19,148,74,31,76,41,55,7,3,3,2,2,96
1774,1956,Bachelor,Single,41737,0,2,23-12-2018,26,346,116,172,23,87,68,2,7,9,1,8,54
1775,1975,Bachelor,Married,85697,0,3,11-07-2016,25,311,52,128,19,40,42,2,4,0,1,1,61
1776,1962,Master,Single,72425,0,0,07-02-2013,11,101,106,123,23,12,37,3,8,7,8,10,75
1777,1967,PhD,Single,103601,3,2,08-10-2021,3,41,107,85,76,95,54,0,1,0,1,1,71
1778,1969,Master,Widowed,55074,2,0,16-05-2020,25,269,177,78,140,30,65,5,8,10,8,0,63
1779,2001,Master,Single,41950,0,0,14-03-2008,27,77,125,62,78,78,76,7,4,1,3,9,97
1780,1958,High School,Widowed,96655,3,3,06-03-2019,27,435,121,77,118,51,77,3,2,1,7,7,62
1781,1993,Master,Widowed,40739,3,3,12-12-2010,30,293,80,297,36,97,99,5,9,5,10,1,55
1782,1984,Graduate,Married,43757,0,2,19-04-2017,11,219,195,73,8,98,54,3,9,8,3,0,82
1783,1965,Master,Widowed,75058,1,2,12-02-2021,6,482,71,176,37,50,6,6,1,0,4,8,75
1784,2005,Associate,Married,45578,0,3,11-04-2013,6,397,167,23,78,74,39,0,2,10,7,4,66
1785,1967,High School,Single,113078,3,0,26-11-2007,7,322,34,247,41,42,39,9,8,9,9,8,99
1786,1970,Associate,Married,100082,1,3,17-02-2014,12,327,127,253,34,75,36,1,5,4,10,10,100
1787,1971,Graduate,Widowed,64933,0,2,19-07-2013,5,349,140,264,117,81,87,6,6,4,4,8,59
1788,1976,Associate,Married,26635,2,1,10-04-2018,5,181,54,191,60,14,52,5,9,2,7,5,69
1789,1968,PhD,Divorced,87049,1,0,14-06-2006,15,187,12,258,104,55,41,2,9,2,2,1,53
1790,1972,Associate,Widowed,76730,0,3,22-07-2012,22,23,179,13,124,20,83,3,2,7,4,5,67
1791,1995,Bachelor,Widowed,118250,1,0,20-10-2014,25,154,180,208,60,26,64,9,7,3,5,6,97
1792,1985,Associate,Widowed,29155,0,0,21-04-2012,15,85,101,198,55,73,39,2,5,7,4,3,60
1793,1966,Master,Widowed,95339,1,1,16-10-2007,26,331,22,244,141,71,43,9,7,4,7,0,57
1794,1951,Graduate,Widowed,37384,1,0,25-01-2016,25,160,37,141,133,79,6,3,3,10,0,3,68
1795,1950,Bachelor,Divorced,63347,0,0,18-06-2021,11,377,24,195,45,100,66,1,0,9,10,4,85
1796,1966,Master,Married,78694,1,0,21-02-2022,28,453,110,119,89,85,97,6,3,7,0,3,73
1797,1967,PhD,Divorced,111477,1,1,19-03-2015,10,387,30,62,120,35,16,5,5,10,0,3,78
1798,1995,Bachelor,Divorced,66271,1,0,06-01-2024,9,355,82,192,61,38,69,10,9,8,9,10,76
1799,1981,High School,Divorced,52643,3,1,03-01-2025,20,109,62,136,84,21,75,7,8,3,5,8,70
1800,1961,PhD,Single,37535,2,2,19-01-2014,24,355,40,236,9,11,27,5,8,4,3,10,54
1801,1995,High School,Widowed,37693,3,1,04-01-2013,5,430,177,213,53,21,0,4,1,6,10,10,51
1802,1996,Graduate,Divorced,76433,3,1,10-03-2006,9,464,79,277,81,9,23,5,10,6,3,0,81
1803,1976,Bachelor,Widowed,93612,3,2,30-04-2017,8,115,184,14,87,82,46,4,7,2,1,10,86
1804,1994,Associate,Single,84324,0,1,09-10-2012,20,8,0,234,89,55,95,0,7,10,9,5,70
1805,1955,PhD,Widowed,32582,3,3,20-11-2007,5,375,85,170,68,35,64,7,8,7,10,10,67
1806,1951,Associate,Married,81972,0,2,14-07-2011,22,249,140,245,12,51,78,3,3,0,6,9,94
1807,1993,Graduate,Single,30851,1,0,22-07-2006,26,135,169,224,101,84,58,9,8,8,1,9,91
1808,1959,Associate,Married,54589,2,0,25-10-2019,11,57,160,276,64,54,97,9,9,5,0,5,88
1809,1969,PhD,Divorced,112786,3,2,25-07-2022,20,456,116,83,131,57,11,0,9,5,10,3,55
1810,1993,Graduate,Widowed,35052,3,0,04-12-2009,8,205,101,57,136,37,72,6,6,10,5,7,97
1811,1960,Master,Single,23066,2,1,03-10-2013,24,114,141,17,22,3,33,1,2,6,6,7,92
1812,1974,Graduate,Widowed,25530,3,2,12-09-2013,30,11,74,161,61,83,77,6,0,6,6,2,64
1813,1968,High School,Married,52642,0,2,23-07-2008,24,135,129,8,140,6,6,2,0,9,8,1,81
1814,1994,Associate,Single,92926,0,0,04-03-2015,20,369,53,175,135,43,42,7,9,4,6,3,75
1815,1993,Bachelor,Married,41911,1,1,27-02-2006,21,145,74,158,14,42,50,10,7,2,6,3,74
1816,1951,Graduate,Divorced,53225,2,1,24-06-2011,8,492,94,199,22,6,55,5,8,0,7,6,63
1817,1994,Associate,Married,71472,3,0,28-08-2006,26,28,60,183,52,17,51,7,4,1,6,4,52
1818,1966,High School,Divorced,100309,1,1,13-04-2024,18,337,150,107,21,73,59,4,10,8,5,9,88
1819,1970,High School,Widowed,51729,1,1,30-09-2016,24,214,168,229,19,26,95,1,6,2,1,5,65
1820,1960,Master,Divorced,62172,2,2,07-09-2014,24,352,131,207,38,64,7,7,10,9,2,6,94
1821,1971,Bachelor,Divorced,119769,2,2,21-11-2007,11,456,53,103,24,91,74,3,3,9,2,3,74
1822,1982,Associate,Divorced,50930,1,3,11-10-2021,15,307,164,210,140,20,29,0,2,0,10,2,65
1823,1984,High School,Married,66504,2,3,01-01-2024,28,301,159,212,93,61,64,7,9,8,0,3,66
1824,1976,Associate,Single,71576,0,0,10-11-2021,3,214,167,231,41,13,67,4,5,4,5,1,89
1825,1998,Associate,Single,41338,3,2,25-07-2015,27,46,140,138,105,60,6,7,9,6,10,1,57
1826,1974,Bachelor,Single,87115,3,0,24-12-2021,4,67,182,1,22,35,29,9,3,2,9,3,62
1827,1963,Master,Single,70144,3,0,21-08-2019,30,302,167,169,106,58,96,7,9,9,5,3,81
1828,1991,Associate,Divorced,62875,3,2,02-05-2022,16,281,33,19,150,81,62,7,2,2,2,6,73
1829,1976,PhD,Married,48098,2,3,18-03-2022,25,410,177,73,21,71,61,6,2,6,6,2,98
1830,1983,Master,Widowed,113773,3,1,25-12-2010,12,269,135,261,78,42,45,1,5,6,1,10,52
1831,1966,Graduate,Married,42795,2,1,03-01-2008,24,247,145,65,83,67,10,6,2,2,5,8,66
1832,1995,Bachelor,Married,76618,2,3,30-09-2018,17,80,164,130,20,50,49,4,9,9,1,1,93
1833,1987,Graduate,Divorced,102929,1,1,10-03-2007,7,271,16,121,53,9,34,4,9,1,4,8,68
1834,1976,Associate,Widowed,108992,0,0,22-06-2008,9,459,136,51,26,15,41,7,2,6,1,1,79
1835,2005,High School,Widowed,53182,2,1,19-07-2020,13,409,146,298,142,58,74,9,5,10,10,9,95
1836,1970,Master,Widowed,106455,3,3,03-12-2009,16,111,8,183,36,45,74,3,6,9,4,4,81
1837,1970,Bachelor,Married,100933,1,0,11-11-2022,15,273,195,166,13,49,47,4,0,1,6,6,84
1838,2001,Associate,Divorced,45821,1,2,02-12-2015,12,304,197,207,148,57,98,9,8,3,2,9,81
1839,1951,Graduate,Widowed,53193,3,1,10-08-2018,23,362,30,131,53,59,25,6,8,0,4,2,51
1840,1999,Associate,Single,105289,0,2,12-02-2016,9,256,10,255,93,60,35,9,4,7,6,7,50
1841,1989,High School,Widowed,42431,1,2,27-01-2017,30,147,151,218,92,31,10,7,8,3,6,2,73
1842,1978,High School,Widowed,89418,3,0,07-12-2009,16,89,134,41,101,41,51,3,5,9,0,4,67
1843,1976,Bachelor,Single,103504,0,1,28-07-2016,17,194,64,82,38,94,89,3,0,4,4,9,79
1844,1996,Master,Single,40099,3,2,10-03-2018,15,461,189,268,106,96,100,7,4,4,1,5,95
1845,1974,PhD,Single,98769,0,2,24-01-2011,21,295,192,129,107,27,1,4,4,8,9,9,79
1846,2002,Associate,Divorced,64902,3,3,31-05-2012,22,153,159,139,52,19,47,2,1,7,8,3,82
1847,1980,Graduate,Married,118875,3,2,28-05-2023,4,202,42,162,146,85,94,10,0,3,0,8,94
1848,2005,High School,Divorced,97151,1,1,24-12-2024,19,130,34,29,25,6,88,10,8,8,1,1,65
1849,1970,Graduate,Married,94850,1,1,25-02-2012,30,106,39,101,80,19,36,2,0,5,0,7,59
1850,1961,High School,Single,87769,1,1,10-06-2009,21,410,108,128,97,96,18,5,6,6,7,7,100
1851,1993,PhD,Single,33106,0,3,16-07-2018,29,136,165,111,41,17,26,1,8,5,10,10,97
1852,1977,Bachelor,Single,82582,3,3,11-12-2014,26,410,142,198,8,31,82,9,6,2,2,6,88
1853,2000,Graduate,Widowed,83354,2,0,30-08-2012,13,204,57,253,60,47,97,2,5,8,0,9,73
1854,1991,Associate,Single,71791,3,0,11-04-2022,18,315,70,236,35,33,57,10,5,3,8,3,79
1855,1951,PhD,Divorced,36685,1,2,04-10-2015,2,27,154,61,144,46,83,3,3,4,4,1,64
1856,1975,Master,Widowed,111717,2,2,16-09-2009,30,84,139,263,108,23,26,3,2,4,1,9,100
1857,1968,Graduate,Single,29934,2,3,04-03-2020,19,312,1,226,120,32,9,4,9,4,1,2,71
1858,1986,PhD,Widowed,38172,0,0,18-06-2006,26,265,10,223,41,55,66,10,2,0,5,4,95
1859,2001,Bachelor,Single,106531,0,3,14-08-2020,7,42,16,41,64,72,59,9,1,3,6,1,52
1860,1958,Associate,Single,94249,3,3,15-07-2011,19,86,30,113,110,6,11,7,7,8,7,0,82
1861,1974,Associate,Divorced,101905,0,2,20-04-2017,3,61,112,1,25,30,68,0,8,8,6,4,73
1862,1951,Bachelor,Widowed,36791,2,1,24-04-2011,17,421,112,76,142,28,25,4,4,7,2,8,52
1863,1982,High School,Married,45890,0,1,10-06-2009,17,193,187,59,39,39,25,2,7,1,4,4,64
1864,1964,Associate,Divorced,74569,0,1,28-03-2014,3,487,16,111,123,38,69,0,3,10,0,4,88
1865,1966,Associate,Single,24506,3,2,23-04-2020,20,292,116,152,143,22,17,1,0,8,5,4,64
1866,1992,High School,Married,83321,3,2,20-04-2013,8,173,58,243,57,55,9,7,7,2,9,9,61
1867,1977,High School,Widowed,27070,3,0,04-12-2005,19,387,18,59,123,100,82,1,3,0,2,5,76
1868,1953,High School,Single,95879,0,2,11-10-2015,18,327,16,154,27,91,47,8,6,10,7,10,51
1869,1965,Master,Widowed,108447,0,2,15-07-2016,8,489,7,260,144,81,99,9,6,3,5,2,99
1870,1977,Graduate,Divorced,118211,1,0,17-04-2018,6,114,81,33,144,23,9,0,2,1,10,7,92
1871,1992,Associate,Married,116555,3,0,15-08-2016,1,108,99,214,40,8,64,1,7,7,6,1,78
1872,1988,Bachelor,Single,67295,2,0,18-07-2024,2,76,200,149,79,35,17,1,5,10,10,7,58
1873,2003,Master,Single,105235,2,3,16-03-2012,9,367,53,246,62,43,26,1,7,2,6,9,81
1874,1958,Bachelor,Single,70692,1,1,18-06-2012,6,415,56,64,80,17,30,4,0,9,6,6,63
1875,1985,Master,Divorced,77493,3,3,11-12-2009,2,381,83,186,57,73,43,6,5,9,6,10,95
1876,1978,High School,Single,58799,3,1,13-05-2018,30,436,162,205,82,50,89,5,6,0,6,2,72
1877,1988,PhD,Divorced,77368,0,2,12-07-2018,25,10,124,159,142,49,26,8,0,10,9,7,92
1878,1995,High School,Married,31298,2,3,12-03-2016,7,173,145,122,119,32,98,8,1,2,5,9,97
1879,1991,Graduate,Single,98326,3,0,30-09-2007,21,336,163,266,137,73,65,7,5,9,2,6,77
1880,1971,PhD,Single,53213,2,2,23-11-2019,1,448,159,280,78,41,75,0,9,6,0,3,91
1881,1973,PhD,Single,105874,1,0,06-02-2023,30,365,34,188,140,87,53,8,0,5,10,5,96
1882,1981,Graduate,Married,44378,0,0,06-03-2021,4,497,86,196,95,44,88,8,10,6,1,10,80
1883,1978,Associate,Divorced,99986,3,0,20-01-2021,24,295,1,286,105,66,23,2,5,7,3,10,62
1884,1966,High School,Married,108573,2,3,30-01-2012,26,453,85,77,65,54,22,7,5,3,4,9,99
1885,1970,Bachelor,Divorced,55152,3,0,21-06-2022,10,291,54,290,75,91,87,3,8,1,0,1,73
1886,1969,PhD,Divorced,69150,1,2,26-01-2006,11,237,144,78,125,15,48,2,4,10,9,1,51
1887,1952,High School,Widowed,116937,2,0,19-06-2006,17,46,22,204,139,1,83,10,4,8,7,7,85
1888,1974,Associate,Divorced,89405,1,0,05-05-2023,9,166,105,262,34,4,100,3,4,7,9,1,87
1889,1966,High School,Divorced,27744,1,0,02-03-2014,28,36,87,187,123,82,70,7,7,10,5,0,84
1890,1977,Master,Single,100164,2,0,02-05-2016,13,77,1,160,85,92,99,6,10,6,3,5,68
1891,1977,High School,Widowed,22363,1,0,24-04-2023,26,476,71,101,131,33,22,9,2,6,6,9,55
1892,1976,Bachelor,Single,112520,3,0,19-05-2018,25,28,193,54,10,80,56,10,9,0,10,5,75
1893,2004,PhD,Widowed,72645,0,1,28-03-2014,30,118,181,143,27,28,61,0,3,7,6,6,51
1894,1961,High School,Divorced,109296,2,0,17-02-2017,11,307,122,199,17,79,75,6,9,3,2,9,61
1895,1980,High School,Divorced,34468,3,1,28-07-2007,2,474,74,138,90,27,23,8,2,1,0,10,86
1896,2002,Graduate,Married,80209,1,3,01-02-2013,20,440,174,297,135,27,46,1,0,1,5,4,51
1897,1984,Associate,Married,99797,2,3,06-01-2022,6,453,73,29,46,24,93,9,10,3,2,5,67
1898,1967,Bachelor,Divorced,77846,2,0,20-01-2017,10,86,193,19,115,94,20,2,10,5,10,10,66
1899,1950,Bachelor,Divorced,102570,1,2,24-12-2016,28,195,37,217,110,30,94,4,7,0,10,9,63
1900,2004,Graduate,Married,58200,2,3,12-04-2009,11,413,93,178,71,80,40,10,0,4,1,1,97
1901,1955,Graduate,Single,54549,3,1,05-07-2017,7,135,173,130,54,84,59,1,9,0,10,4,98
1902,1989,High School,Single,78175,0,0,14-01-2011,25,321,30,69,72,40,49,3,10,6,2,6,59
1903,1950,Master,Widowed,74560,0,3,23-12-2022,13,46,137,107,98,29,60,1,6,2,10,9,95
1904,1969,Associate,Married,91774,2,2,08-08-2013,2,385,137,143,70,64,23,2,8,3,3,3,54
1905,1984,Master,Single,112721,2,1,04-02-2024,15,204,8,31,8,2,68,7,10,6,6,7,98
1906,1999,Master,Widowed,78650,3,3,23-08-2021,17,155,31,116,35,2,86,4,3,8,9,4,64
1907,1954,Bachelor,Widowed,53005,3,0,25-06-2007,6,7,71,163,79,56,46,0,8,0,9,2,97
1908,1967,Graduate,Divorced,30683,0,0,20-08-2006,26,212,126,181,74,98,92,7,3,4,7,2,77
1909,1993,Master,Widowed,114255,2,2,06-04-2006,2,172,195,244,49,53,13,5,10,10,8,2,99
1910,1952,Associate,Single,48130,1,3,21-07-2009,23,175,160,238,6,56,1,2,4,9,7,8,67
1911,1957,Bachelor,Married,20577,3,0,09-08-2021,28,334,77,125,118,76,47,8,6,4,8,9,61
1912,2004,Graduate,Married,24273,1,3,29-06-2019,11,233,75,212,100,14,77,7,0,2,6,4,86
1913,2003,Graduate,Married,89857,0,3,15-05-2020,29,3,162,83,60,78,92,0,3,4,0,1,63
1914,1952,Master,Divorced,108982,0,0,26-12-2005,6,257,102,69,63,0,86,10,8,10,0,10,61
1915,1994,High School,Widowed,50049,1,3,10-10-2021,22,206,148,18,61,53,27,1,4,9,3,1,84
1916,1990,Associate,Married,115612,2,1,16-01-2008,18,161,3,266,145,18,67,1,8,3,2,4,91
1917,2000,Master,Widowed,98177,1,0,15-05-2020,19,313,0,22,148,27,37,0,8,4,6,6,100
1918,1997,Master,Single,92118,0,1,26-05-2007,4,461,185,47,53,80,10,4,4,0,3,6,91
1919,1981,Graduate,Married,95629,0,0,27-01-2006,7,341,97,267,101,89,96,10,8,6,0,9,91
1920,1978,Master,Divorced,24034,0,0,03-07-2023,3,94,53,55,80,23,97,6,6,0,1,3,78
1921,1954,Bachelor,Married,40853,3,3,13-06-2007,23,170,82,280,8,87,14,5,4,6,7,1,79
1922,1962,Master,Widowed,95708,3,2,01-11-2007,28,446,126,84,28,27,10,1,3,3,1,6,91
1923,1954,PhD,Divorced,63093,2,1,08-04-2023,2,102,111,66,121,73,38,6,5,8,2,3,70
1924,1964,PhD,Widowed,74874,3,2,01-02-2010,8,336,11,156,125,47,63,2,3,6,10,2,75
1925,1986,PhD,Widowed,87762,0,2,21-11-2021,12,150,173,241,132,1,35,7,0,1,6,4,68
1926,1972,PhD,Widowed,60062,2,2,03-08-2014,14,192,174,166,93,1,12,7,3,0,3,8,51
1927,1979,Associate,Single,65904,1,0,05-12-2015,29,179,144,271,148,43,74,9,1,0,0,0,63
1928,1980,Master,Divorced,54315,2,0,25-11-2023,13,7,76,10,116,82,86,7,4,10,8,1,85
1929,1965,Graduate,Divorced,113744,2,0,11-07-2022,21,493,200,111,120,69,93,1,8,2,8,1,60
1930,1966,PhD,Single,26030,2,3,25-11-2023,12,184,167,86,137,54,67,10,2,7,7,5,68
1931,1972,Graduate,Married,79265,0,1,02-06-2016,7,21,5,93,38,2,8,8,5,2,3,7,53
1932,1963,PhD,Divorced,58332,3,2,04-06-2023,29,475,38,242,84,58,51,9,6,4,6,6,95
1933,1996,Graduate,Married,116023,2,0,23-07-2020,4,105,78,53,83,19,7,6,2,10,0,9,91
1934,1951,Graduate,Married,74828,2,3,16-09-2012,6,457,21,4,113,93,63,8,7,10,1,6,77
1935,1953,PhD,Married,96116,2,3,02-06-2010,19,233,136,287,20,53,25,1,3,2,8,0,80
1936,1959,Graduate,Widowed,54178,0,2,18-04-2016,29,24,190,246,141,52,68,3,8,10,2,3,92
1937,1979,High School,Married,76819,0,2,24-12-2024,28,470,12,193,125,45,95,8,3,6,7,0,54
1938,2005,Bachelor,Widowed,117394,0,3,13-10-2009,11,85,32,229,15,39,62,10,9,2,2,1,71
1939,1991,Bachelor,Divorced,35272,2,2,30-03-2012,12,146,75,134,47,6,61,0,10,9,4,5,98
1940,1952,Master,Divorced,109901,0,1,03-07-2017,6,430,21,157,40,64,46,7,6,5,9,3,75
1941,1959,High School,Married,20827,0,3,28-07-2016,10,240,16,180,37,14,40,2,3,5,2,4,80
1942,1992,PhD,Divorced,88807,3,2,29-10-2017,6,363,125,216,110,94,36,8,3,7,3,0,71
1943,1981,PhD,Married,106020,2,1,30-06-2008,10,174,114,122,116,79,87,2,3,8,10,1,82
1944,1985,Graduate,Single,54986,3,0,10-02-2018,26,325,128,113,92,47,20,1,10,4,9,8,55
1945,1956,Graduate,Widowed,89193,0,1,26-07-2012,23,433,148,83,21,26,54,3,4,9,0,4,65
1946,1995,Bachelor,Widowed,99769,3,2,15-12-2012,23,152,81,203,86,86,9,1,6,3,4,4,77
1947,1982,High School,Single,95450,2,1,11-07-2011,29,274,181,74,94,48,98,3,9,1,5,4,71
1948,2002,PhD,Single,46347,2,2,16-11-2008,11,332,51,155,112,1,60,6,1,0,4,6,75
1949,2001,Associate,Widowed,51393,3,2,21-03-2011,25,111,37,178,131,2,83,8,7,5,2,1,57
1950,1988,Associate,Single,102226,1,0,24-08-2006,27,401,179,268,20,3,32,10,1,8,3,10,51
1951,1967,Bachelor,Divorced,61357,3,3,20-06-2010,20,241,164,151,84,15,82,8,9,7,6,8,57
1952,1954,Master,Single,65056,2,3,21-09-2021,2,239,149,240,145,64,85,6,1,2,10,5,95
1953,1990,Graduate,Single,118580,1,2,02-04-2005,25,432,121,24,143,61,78,10,4,8,10,6,90
1954,1995,Master,Single,69167,1,1,04-05-2019,3,78,155,52,111,47,19,6,8,0,3,8,91
1955,1985,Associate,Widowed,111232,2,2,05-10-2005,15,56,179,75,102,38,59,8,4,0,5,1,50
1956,1962,Bachelor,Widowed,109546,2,0,20-11-2017,30,321,88,164,91,21,93,10,3,2,2,3,87
1957,1990,Master,Divorced,69184,0,3,11-07-2015,6,391,77,263,150,91,65,7,9,2,7,8,72
1958,1962,High School,Divorced,35434,1,3,03-05-2018,18,485,140,300,80,4,11,8,0,6,4,7,88
1959,1988,Graduate,Divorced,116987,3,3,02-01-2025,22,217,153,213,79,3,99,9,10,9,10,7,67
1960,1995,Graduate,Widowed,116839,3,1,19-02-2008,18,166,147,50,29,73,11,9,4,9,3,8,91
1961,1997,PhD,Married,30779,3,1,21-01-2007,9,449,55,257,19,85,50,10,6,8,5,2,96
1962,1978,Graduate,Single,69163,0,3,02-02-2020,23,448,139,3,79,63,2,6,8,6,5,9,68
1963,1989,Associate,Married,116342,0,2,13-05-2007,2,226,97,218,74,57,31,6,1,9,10,7,63
1964,1980,PhD,Single,45726,1,0,12-04-2007,5,395,125,210,95,69,19,6,8,2,7,9,69
1965,1963,High School,Single,26154,1,1,08-08-2016,10,461,31,134,125,54,22,1,4,6,7,7,74
1966,1988,Associate,Single,24849,2,2,13-01-2009,8,155,89,0,6,39,46,10,2,3,2,1,88
1967,1950,PhD,Divorced,87588,2,0,20-09-2009,4,206,160,76,25,8,61,10,9,4,9,7,54
1968,1950,Graduate,Married,45000,0,3,26-11-2009,3,432,13,218,79,89,37,10,9,7,0,5,84
1969,1971,Master,Divorced,30024,2,0,18-04-2016,15,385,34,98,108,44,8,9,1,4,0,10,53
1970,1988,Master,Divorced,88278,3,1,10-12-2014,6,216,195,91,33,58,19,1,7,8,1,1,60
1971,1994,High School,Married,102512,3,1,09-07-2020,10,196,76,280,62,35,15,9,1,9,10,5,56
1972,1998,Bachelor,Married,93156,1,1,06-06-2005,7,448,86,87,46,0,100,1,5,9,3,9,78
1973,1990,PhD,Married,44641,0,3,11-09-2013,23,402,26,22,140,66,59,6,1,2,5,10,99
1974,1988,High School,Divorced,119606,1,3,13-09-2019,2,465,196,230,114,46,63,10,5,5,4,8,81
1975,1994,High School,Married,65826,1,0,23-11-2016,3,292,143,11,54,89,84,0,6,0,9,5,76
1976,1962,Master,Single,55430,1,3,12-01-2017,6,212,93,58,54,36,71,4,7,5,3,7,93
1977,1990,Master,Single,102401,3,1,21-08-2012,16,237,31,288,119,97,56,7,2,6,3,7,50
1978,1979,Bachelor,Single,42372,1,0,17-04-2013,17,32,106,97,25,44,84,2,2,6,3,4,57
1979,1968,Master,Married,111652,3,3,22-06-2013,13,434,5,179,135,4,23,0,3,6,0,2,53
1980,1957,Bachelor,Divorced,109165,3,2,05-09-2015,21,124,59,186,131,66,4,0,6,0,3,1,85
1981,1960,Associate,Divorced,100328,2,3,23-03-2018,5,414,99,164,88,52,67,9,1,8,5,5,76
1982,1955,Associate,Married,24350,1,3,17-09-2022,15,444,32,158,15,34,29,9,9,9,2,6,68
1983,1967,Bachelor,Married,74702,1,0,22-12-2013,2,4,159,252,18,12,35,10,6,7,1,7,94
1984,1954,PhD,Single,86151,0,3,06-06-2007,10,462,117,255,43,47,73,1,10,6,8,6,58
1985,1977,Graduate,Widowed,68347,3,0,04-04-2011,26,380,142,238,130,28,80,8,7,10,6,3,52
1986,1953,Bachelor,Single,31405,3,3,21-07-2012,2,117,23,153,119,6,68,3,5,0,10,5,79
1987,1988,Master,Widowed,27262,3,1,28-03-2006,20,499,116,219,51,88,48,2,5,6,4,0,90
1988,1961,High School,Widowed,42288,0,3,11-11-2015,2,249,56,244,131,59,90,6,10,7,3,2,50
1989,1960,Master,Widowed,41472,2,3,04-10-2010,6,11,195,96,62,11,23,6,4,7,10,5,68
1990,2005,Associate,Married,95157,0,1,18-10-2009,30,291,80,195,80,15,8,1,8,0,2,0,66
1991,1990,High School,Divorced,91598,0,0,04-07-2016,5,351,135,253,2,56,57,5,0,3,9,0,95
1992,1972,Bachelor,Divorced,111722,1,1,19-03-2024,2,263,161,89,145,9,19,1,0,4,10,3,79
1993,1967,Bachelor,Single,81304,3,1,02-11-2021,26,71,116,228,34,36,57,7,3,4,1,0,82
1994,2003,Associate,Married,33877,3,0,10-02-2006,5,236,160,19,86,16,88,9,7,4,5,5,93
1995,1953,Master,Widowed,104240,0,1,18-11-2009,5,417,119,104,40,49,40,4,7,6,9,4,88
1996,1983,PhD,Single,115248,2,1,11-12-2024,1,435,112,188,119,66,71,6,5,6,4,5,91
1997,1966,PhD,Divorced,102664,2,1,06-05-2008,8,444,51,15,4,44,85,1,3,2,2,0,52
1998,1971,Bachelor,Divorced,64610,2,2,07-07-2013,13,262,36,8,147,25,49,5,4,9,5,2,63
1999,1958,High School,Married,26271,0,3,17-08-2022,22,251,158,118,3,30,58,2,9,6,7,10,59
2000,1952,Master,Widowed,50362,2,3,17-02-2006,8,277,96,300,130,12,48,3,3,3,4,8,77
